experiment,model_name,rank,likelihood,outcome,viability,sparcity,similarity,dllh,ollh,source_outcome,target_outcome,cf,fa,run.mask,run.duration,run.duration_sec,run.short_name,run.full_name,run.no,wrapper.type,gen.vocab_len,gen.max_len,gen.feature_len,gen.ft_mode,gen.model,gen.max_iter,gen.num_survivors,gen.sample_size,gen.evo.num_survivors,gen.initiator.type,gen.selector.type,gen.crosser.type,gen.crosser.crossover_rate,gen.mutator.type,gen.mutator.edit_rate,gen.mutator.p_delete,gen.mutator.p_insert,gen.mutator.p_change,gen.mutator.p_transp,gen.mutator.p_none,gen.recombiner.type,gen.recombiner.recombination_rate,viab.data_distribution,viab.vocab_len,viab.max_len,viab.measure_mask,viab.type,instance.no,iteration.no,row.no
1,EvolutionaryStrategy,50,0.9993244409561157,1,1.7993020077624278,0.5833333333333333,0.7118762102649359,0.004365393832585063,0.4997270703315735,0,1,33 > 00 > 00 > 00 > 00 > 33 > 01 > 02 > 03 > 04 > 05 > 07 > 08 > 09 > 10 > 11 > 12 > 06 > 26 > 28 > 20 > 17 > 26,33 > 01 > 02 > 03 > 04 > 05 > 06 > 05 > 07 > 09 > 08 > 10 > 11 > 12 > 06 > 13 > 14 > 13 > 14 > 13 > 25 > 24 > 14,1111,0:00:00.038034,0.03803443908691406,EGW_ES_EGW_CBI_RWS_OPC_DDM_FIR_IM,EvoGeneratorWrapper_EvolutionaryStrategy_EvoGeneratorWrapper_CaseBasedInitiator_RouletteWheelSelector_OnePointCrosser_DataDistributionMutator_FittestIndividualRecombiner_ImprovementMeasure,1,EvoGeneratorWrapper,34,27,21,1,EvolutionaryStrategy,10,500,100,500,CaseBasedInitiator,RouletteWheelSelector,OnePointCrosser,,DataDistributionMutator,0.1,0.04,0.3,0.1,0.05,0.51,FittestIndividualRecombiner,,486,34,27,1111,ImprovementMeasure,1,1,1
1,EvolutionaryStrategy,49,0.9993002414703369,1,1.7997370395931844,0.5769230769230769,0.7230323699334632,6.662214796047799e-05,0.4997149705886841,0,1,33 > 01 > 02 > 03 > 04 > 05 > 07 > 08 > 09 > 10 > 11 > 12 > 14 > 17 > 17 > 27 > 00 > 00 > 26 > 00 > 29,33 > 01 > 02 > 03 > 04 > 05 > 06 > 05 > 07 > 09 > 08 > 10 > 11 > 12 > 06 > 13 > 14 > 13 > 14 > 13 > 25 > 24 > 14,1111,0:00:00.038034,0.03803443908691406,EGW_ES_EGW_CBI_RWS_OPC_DDM_FIR_IM,EvoGeneratorWrapper_EvolutionaryStrategy_EvoGeneratorWrapper_CaseBasedInitiator_RouletteWheelSelector_OnePointCrosser_DataDistributionMutator_FittestIndividualRecombiner_ImprovementMeasure,1,EvoGeneratorWrapper,34,27,21,1,EvolutionaryStrategy,10,500,100,500,CaseBasedInitiator,RouletteWheelSelector,OnePointCrosser,,DataDistributionMutator,0.1,0.04,0.3,0.1,0.05,0.51,FittestIndividualRecombiner,,486,34,27,1111,ImprovementMeasure,1,1,2
1,EvolutionaryStrategy,48,0.999301552772522,1,1.801726829355637,0.5805860805860805,0.7119069898409919,0.009518132688787958,0.4997156262397766,0,1,33 > 01 > 02 > 03 > 04 > 05 > 07 > 08 > 09 > 10 > 11 > 12 > 06 > 16 > 14 > 17 > 29 > 28 > 20,33 > 01 > 02 > 03 > 04 > 05 > 06 > 05 > 07 > 09 > 08 > 10 > 11 > 12 > 06 > 13 > 14 > 13 > 14 > 13 > 25 > 24 > 14,1111,0:00:00.038034,0.03803443908691406,EGW_ES_EGW_CBI_RWS_OPC_DDM_FIR_IM,EvoGeneratorWrapper_EvolutionaryStrategy_EvoGeneratorWrapper_CaseBasedInitiator_RouletteWheelSelector_OnePointCrosser_DataDistributionMutator_FittestIndividualRecombiner_ImprovementMeasure,1,EvoGeneratorWrapper,34,27,21,1,EvolutionaryStrategy,10,500,100,500,CaseBasedInitiator,RouletteWheelSelector,OnePointCrosser,,DataDistributionMutator,0.1,0.04,0.3,0.1,0.05,0.51,FittestIndividualRecombiner,,486,34,27,1111,ImprovementMeasure,1,1,3
1,EvolutionaryStrategy,47,0.9993221759796143,1,1.8023513400022162,0.586996336996337,0.7108901595903536,0.00473890557220294,0.49972593784332275,0,1,33 > 01 > 02 > 03 > 04 > 05 > 07 > 09 > 08 > 09 > 10 > 11 > 12 > 06 > 13 > 14 > 17 > 28 > 13 > 14 > 17 > 26 > 27,33 > 01 > 02 > 03 > 04 > 05 > 06 > 05 > 07 > 09 > 08 > 10 > 11 > 12 > 06 > 13 > 14 > 13 > 14 > 13 > 25 > 24 > 14,1111,0:00:00.038034,0.03803443908691406,EGW_ES_EGW_CBI_RWS_OPC_DDM_FIR_IM,EvoGeneratorWrapper_EvolutionaryStrategy_EvoGeneratorWrapper_CaseBasedInitiator_RouletteWheelSelector_OnePointCrosser_DataDistributionMutator_FittestIndividualRecombiner_ImprovementMeasure,1,EvoGeneratorWrapper,34,27,21,1,EvolutionaryStrategy,10,500,100,500,CaseBasedInitiator,RouletteWheelSelector,OnePointCrosser,,DataDistributionMutator,0.1,0.04,0.3,0.1,0.05,0.51,FittestIndividualRecombiner,,486,34,27,1111,ImprovementMeasure,1,1,4
1,EvolutionaryStrategy,46,0.9846087098121643,1,1.8023855948301308,0.5915750915750916,0.715877175259108,0.00256412323633341,0.4923692047595978,0,1,33 > 01 > 02 > 04 > 05 > 07 > 08 > 09 > 08 > 10 > 11 > 12 > 06 > 13 > 14 > 17 > 29 > 27 > 00 > 00 > 00 > 33 > 01,33 > 01 > 02 > 03 > 04 > 05 > 06 > 05 > 07 > 09 > 08 > 10 > 11 > 12 > 06 > 13 > 14 > 13 > 14 > 13 > 25 > 24 > 14,1111,0:00:00.038034,0.03803443908691406,EGW_ES_EGW_CBI_RWS_OPC_DDM_FIR_IM,EvoGeneratorWrapper_EvolutionaryStrategy_EvoGeneratorWrapper_CaseBasedInitiator_RouletteWheelSelector_OnePointCrosser_DataDistributionMutator_FittestIndividualRecombiner_ImprovementMeasure,1,EvoGeneratorWrapper,34,27,21,1,EvolutionaryStrategy,10,500,100,500,CaseBasedInitiator,RouletteWheelSelector,OnePointCrosser,,DataDistributionMutator,0.1,0.04,0.3,0.1,0.05,0.51,FittestIndividualRecombiner,,486,34,27,1111,ImprovementMeasure,1,1,5
1,EvolutionaryStrategy,45,0.999320387840271,1,1.8023916296138707,0.5787545787545787,0.7074862481999457,0.016425758885695408,0.4997250437736511,0,1,33 > 01 > 02 > 03 > 04 > 05 > 07 > 08 > 09 > 10 > 11 > 12 > 06 > 13 > 14 > 13 > 14 > 17 > 19 > 20 > 17 > 28 > 29,33 > 01 > 02 > 03 > 04 > 05 > 06 > 05 > 07 > 09 > 08 > 10 > 11 > 12 > 06 > 13 > 14 > 13 > 14 > 13 > 25 > 24 > 14,1111,0:00:00.038034,0.03803443908691406,EGW_ES_EGW_CBI_RWS_OPC_DDM_FIR_IM,EvoGeneratorWrapper_EvolutionaryStrategy_EvoGeneratorWrapper_CaseBasedInitiator_RouletteWheelSelector_OnePointCrosser_DataDistributionMutator_FittestIndividualRecombiner_ImprovementMeasure,1,EvoGeneratorWrapper,34,27,21,1,EvolutionaryStrategy,10,500,100,500,CaseBasedInitiator,RouletteWheelSelector,OnePointCrosser,,DataDistributionMutator,0.1,0.04,0.3,0.1,0.05,0.51,FittestIndividualRecombiner,,486,34,27,1111,ImprovementMeasure,1,1,6
1,EvolutionaryStrategy,44,0.9993259906768799,1,1.802840033131574,0.5805860805860805,0.7114257164814173,0.011100390872120641,0.49972784519195557,0,1,33 > 01 > 02 > 03 > 04 > 05 > 07 > 08 > 09 > 10 > 11 > 12 > 06 > 13 > 14 > 24 > 25 > 24 > 20 > 17 > 26 > 28 > 29,33 > 01 > 02 > 03 > 04 > 05 > 06 > 05 > 07 > 09 > 08 > 10 > 11 > 12 > 06 > 13 > 14 > 13 > 14 > 13 > 25 > 24 > 14,1111,0:00:00.038034,0.03803443908691406,EGW_ES_EGW_CBI_RWS_OPC_DDM_FIR_IM,EvoGeneratorWrapper_EvolutionaryStrategy_EvoGeneratorWrapper_CaseBasedInitiator_RouletteWheelSelector_OnePointCrosser_DataDistributionMutator_FittestIndividualRecombiner_ImprovementMeasure,1,EvoGeneratorWrapper,34,27,21,1,EvolutionaryStrategy,10,500,100,500,CaseBasedInitiator,RouletteWheelSelector,OnePointCrosser,,DataDistributionMutator,0.1,0.04,0.3,0.1,0.05,0.51,FittestIndividualRecombiner,,486,34,27,1111,ImprovementMeasure,1,1,7
1,EvolutionaryStrategy,43,0.9992697834968567,1,1.8067410636602745,0.5924908424908426,0.7035051318060518,0.011045347761436229,0.49969974160194397,0,1,33 > 01 > 02 > 03 > 04 > 05 > 07 > 08 > 09 > 08 > 10 > 11 > 12 > 06 > 13 > 14 > 14 > 13 > 25 > 14 > 13 > 14 > 17 > 28,33 > 01 > 02 > 03 > 04 > 05 > 06 > 05 > 07 > 09 > 08 > 10 > 11 > 12 > 06 > 13 > 14 > 13 > 14 > 13 > 25 > 24 > 14,1111,0:00:00.038034,0.03803443908691406,EGW_ES_EGW_CBI_RWS_OPC_DDM_FIR_IM,EvoGeneratorWrapper_EvolutionaryStrategy_EvoGeneratorWrapper_CaseBasedInitiator_RouletteWheelSelector_OnePointCrosser_DataDistributionMutator_FittestIndividualRecombiner_ImprovementMeasure,1,EvoGeneratorWrapper,34,27,21,1,EvolutionaryStrategy,10,500,100,500,CaseBasedInitiator,RouletteWheelSelector,OnePointCrosser,,DataDistributionMutator,0.1,0.04,0.3,0.1,0.05,0.51,FittestIndividualRecombiner,,486,34,27,1111,ImprovementMeasure,1,1,8
1,EvolutionaryStrategy,42,0.9992668032646179,1,1.8071459829725116,0.5796703296703297,0.723386335422972,0.004391066393385335,0.4996982514858246,0,1,11 > 33 > 01 > 02 > 03 > 04 > 05 > 06 > 13 > 14 > 13 > 25 > 14 > 13 > 14 > 17 > 28,33 > 01 > 02 > 03 > 04 > 05 > 06 > 05 > 07 > 09 > 08 > 10 > 11 > 12 > 06 > 13 > 14 > 13 > 14 > 13 > 25 > 24 > 14,1111,0:00:00.038034,0.03803443908691406,EGW_ES_EGW_CBI_RWS_OPC_DDM_FIR_IM,EvoGeneratorWrapper_EvolutionaryStrategy_EvoGeneratorWrapper_CaseBasedInitiator_RouletteWheelSelector_OnePointCrosser_DataDistributionMutator_FittestIndividualRecombiner_ImprovementMeasure,1,EvoGeneratorWrapper,34,27,21,1,EvolutionaryStrategy,10,500,100,500,CaseBasedInitiator,RouletteWheelSelector,OnePointCrosser,,DataDistributionMutator,0.1,0.04,0.3,0.1,0.05,0.51,FittestIndividualRecombiner,,486,34,27,1111,ImprovementMeasure,1,1,9
1,EvolutionaryStrategy,41,0.9992807507514954,1,1.8073872908387265,0.5924908424908426,0.7151485377316984,4.268538692210059e-05,0.4997052252292633,0,1,33 > 01 > 02 > 03 > 04 > 05 > 07 > 09 > 10 > 11 > 12 > 06 > 13 > 06 > 13 > 15 > 16 > 14 > 13 > 00 > 00 > 20 > 00 > 26,33 > 01 > 02 > 03 > 04 > 05 > 06 > 05 > 07 > 09 > 08 > 10 > 11 > 12 > 06 > 13 > 14 > 13 > 14 > 13 > 25 > 24 > 14,1111,0:00:00.038034,0.03803443908691406,EGW_ES_EGW_CBI_RWS_OPC_DDM_FIR_IM,EvoGeneratorWrapper_EvolutionaryStrategy_EvoGeneratorWrapper_CaseBasedInitiator_RouletteWheelSelector_OnePointCrosser_DataDistributionMutator_FittestIndividualRecombiner_ImprovementMeasure,1,EvoGeneratorWrapper,34,27,21,1,EvolutionaryStrategy,10,500,100,500,CaseBasedInitiator,RouletteWheelSelector,OnePointCrosser,,DataDistributionMutator,0.1,0.04,0.3,0.1,0.05,0.51,FittestIndividualRecombiner,,486,34,27,1111,ImprovementMeasure,1,1,10
1,EvolutionaryStrategy,40,0.946941077709198,1,1.8088659041684918,0.6016483516483517,0.7328338295641923,0.0008483342478330549,0.4735353887081146,0,1,33 > 01 > 02 > 03 > 02 > 03 > 04 > 05 > 07 > 08 > 10 > 11 > 06 > 20 > 00 > 00 > 00 > 00 > 00 > 00 > 00 > 00 > 33 > 01,33 > 01 > 02 > 03 > 04 > 05 > 06 > 05 > 07 > 09 > 08 > 10 > 11 > 12 > 06 > 13 > 14 > 13 > 14 > 13 > 25 > 24 > 14,1111,0:00:00.038034,0.03803443908691406,EGW_ES_EGW_CBI_RWS_OPC_DDM_FIR_IM,EvoGeneratorWrapper_EvolutionaryStrategy_EvoGeneratorWrapper_CaseBasedInitiator_RouletteWheelSelector_OnePointCrosser_DataDistributionMutator_FittestIndividualRecombiner_ImprovementMeasure,1,EvoGeneratorWrapper,34,27,21,1,EvolutionaryStrategy,10,500,100,500,CaseBasedInitiator,RouletteWheelSelector,OnePointCrosser,,DataDistributionMutator,0.1,0.04,0.3,0.1,0.05,0.51,FittestIndividualRecombiner,,486,34,27,1111,ImprovementMeasure,1,1,11
1,EvolutionaryStrategy,39,0.9993221759796143,1,1.811520694491709,0.5879120879120879,0.7238712560776249,1.141265867339467e-05,0.49972593784332275,0,1,08 > 00 > 33 > 01 > 02 > 03 > 04 > 10 > 11 > 12 > 06 > 13 > 14 > 13 > 25 > 00 > 25 > 24 > 17 > 26 > 27,33 > 01 > 02 > 03 > 04 > 05 > 06 > 05 > 07 > 09 > 08 > 10 > 11 > 12 > 06 > 13 > 14 > 13 > 14 > 13 > 25 > 24 > 14,1111,0:00:00.038034,0.03803443908691406,EGW_ES_EGW_CBI_RWS_OPC_DDM_FIR_IM,EvoGeneratorWrapper_EvolutionaryStrategy_EvoGeneratorWrapper_CaseBasedInitiator_RouletteWheelSelector_OnePointCrosser_DataDistributionMutator_FittestIndividualRecombiner_ImprovementMeasure,1,EvoGeneratorWrapper,34,27,21,1,EvolutionaryStrategy,10,500,100,500,CaseBasedInitiator,RouletteWheelSelector,OnePointCrosser,,DataDistributionMutator,0.1,0.04,0.3,0.1,0.05,0.51,FittestIndividualRecombiner,,486,34,27,1111,ImprovementMeasure,1,1,12
1,EvolutionaryStrategy,38,0.9993244409561157,1,1.812100768747022,0.5833333333333333,0.7118762102649359,0.017164154817179426,0.4997270703315735,0,1,33 > 01 > 02 > 03 > 04 > 05 > 07 > 08 > 09 > 10 > 11 > 12 > 06 > 26 > 28 > 20 > 17 > 26,33 > 01 > 02 > 03 > 04 > 05 > 06 > 05 > 07 > 09 > 08 > 10 > 11 > 12 > 06 > 13 > 14 > 13 > 14 > 13 > 25 > 24 > 14,1111,0:00:00.038034,0.03803443908691406,EGW_ES_EGW_CBI_RWS_OPC_DDM_FIR_IM,EvoGeneratorWrapper_EvolutionaryStrategy_EvoGeneratorWrapper_CaseBasedInitiator_RouletteWheelSelector_OnePointCrosser_DataDistributionMutator_FittestIndividualRecombiner_ImprovementMeasure,1,EvoGeneratorWrapper,34,27,21,1,EvolutionaryStrategy,10,500,100,500,CaseBasedInitiator,RouletteWheelSelector,OnePointCrosser,,DataDistributionMutator,0.1,0.04,0.3,0.1,0.05,0.51,FittestIndividualRecombiner,,486,34,27,1111,ImprovementMeasure,1,1,13
1,EvolutionaryStrategy,37,0.9993244409561157,1,1.812100768747022,0.5833333333333333,0.7118762102649359,0.017164154817179426,0.4997270703315735,0,1,33 > 01 > 02 > 03 > 04 > 05 > 07 > 08 > 09 > 10 > 11 > 12 > 06 > 26 > 28 > 20 > 17 > 26,33 > 01 > 02 > 03 > 04 > 05 > 06 > 05 > 07 > 09 > 08 > 10 > 11 > 12 > 06 > 13 > 14 > 13 > 14 > 13 > 25 > 24 > 14,1111,0:00:00.038034,0.03803443908691406,EGW_ES_EGW_CBI_RWS_OPC_DDM_FIR_IM,EvoGeneratorWrapper_EvolutionaryStrategy_EvoGeneratorWrapper_CaseBasedInitiator_RouletteWheelSelector_OnePointCrosser_DataDistributionMutator_FittestIndividualRecombiner_ImprovementMeasure,1,EvoGeneratorWrapper,34,27,21,1,EvolutionaryStrategy,10,500,100,500,CaseBasedInitiator,RouletteWheelSelector,OnePointCrosser,,DataDistributionMutator,0.1,0.04,0.3,0.1,0.05,0.51,FittestIndividualRecombiner,,486,34,27,1111,ImprovementMeasure,1,1,14
1,EvolutionaryStrategy,36,0.999323844909668,1,1.8140215414483927,0.5897435897435898,0.7244564745541002,9.470484235314058e-05,0.4997267723083496,0,1,01 > 02 > 03 > 00 > 05 > 07 > 08 > 09 > 10 > 11 > 12 > 06 > 00 > 28 > 20 > 17 > 26,33 > 01 > 02 > 03 > 04 > 05 > 06 > 05 > 07 > 09 > 08 > 10 > 11 > 12 > 06 > 13 > 14 > 13 > 14 > 13 > 25 > 24 > 14,1111,0:00:00.038034,0.03803443908691406,EGW_ES_EGW_CBI_RWS_OPC_DDM_FIR_IM,EvoGeneratorWrapper_EvolutionaryStrategy_EvoGeneratorWrapper_CaseBasedInitiator_RouletteWheelSelector_OnePointCrosser_DataDistributionMutator_FittestIndividualRecombiner_ImprovementMeasure,1,EvoGeneratorWrapper,34,27,21,1,EvolutionaryStrategy,10,500,100,500,CaseBasedInitiator,RouletteWheelSelector,OnePointCrosser,,DataDistributionMutator,0.1,0.04,0.3,0.1,0.05,0.51,FittestIndividualRecombiner,,486,34,27,1111,ImprovementMeasure,1,1,15
1,EvolutionaryStrategy,35,0.9992212057113647,1,1.815236552427598,0.6007326007326007,0.7148284941747575,4.8110417458778175e-09,0.499675452709198,0,1,33 > 01 > 02 > 03 > 04 > 00 > 07 > 00 > 09 > 10 > 11 > 00 > 06 > 13 > 14 > 11 > 10 > 06 > 00 > 13 > 14 > 13 > 15 > 29,33 > 01 > 02 > 03 > 04 > 05 > 06 > 05 > 07 > 09 > 08 > 10 > 11 > 12 > 06 > 13 > 14 > 13 > 14 > 13 > 25 > 24 > 14,1111,0:00:00.038034,0.03803443908691406,EGW_ES_EGW_CBI_RWS_OPC_DDM_FIR_IM,EvoGeneratorWrapper_EvolutionaryStrategy_EvoGeneratorWrapper_CaseBasedInitiator_RouletteWheelSelector_OnePointCrosser_DataDistributionMutator_FittestIndividualRecombiner_ImprovementMeasure,1,EvoGeneratorWrapper,34,27,21,1,EvolutionaryStrategy,10,500,100,500,CaseBasedInitiator,RouletteWheelSelector,OnePointCrosser,,DataDistributionMutator,0.1,0.04,0.3,0.1,0.05,0.51,FittestIndividualRecombiner,,486,34,27,1111,ImprovementMeasure,1,1,16
1,EvolutionaryStrategy,34,0.9992315769195557,1,1.8164785323812336,0.5934065934065934,0.72027883346237,0.0031124671989768695,0.49968063831329346,0,1,33 > 01 > 02 > 03 > 33 > 01 > 02 > 03 > 04 > 05 > 07 > 08 > 09 > 10 > 11 > 12 > 06 > 13 > 14 > 13 > 15 > 29,33 > 01 > 02 > 03 > 04 > 05 > 06 > 05 > 07 > 09 > 08 > 10 > 11 > 12 > 06 > 13 > 14 > 13 > 14 > 13 > 25 > 24 > 14,1111,0:00:00.038034,0.03803443908691406,EGW_ES_EGW_CBI_RWS_OPC_DDM_FIR_IM,EvoGeneratorWrapper_EvolutionaryStrategy_EvoGeneratorWrapper_CaseBasedInitiator_RouletteWheelSelector_OnePointCrosser_DataDistributionMutator_FittestIndividualRecombiner_ImprovementMeasure,1,EvoGeneratorWrapper,34,27,21,1,EvolutionaryStrategy,10,500,100,500,CaseBasedInitiator,RouletteWheelSelector,OnePointCrosser,,DataDistributionMutator,0.1,0.04,0.3,0.1,0.05,0.51,FittestIndividualRecombiner,,486,34,27,1111,ImprovementMeasure,1,1,17
1,EvolutionaryStrategy,33,0.9846128225326538,1,1.817004757975692,0.5998168498168498,0.7242316442953775,0.0005850027436222279,0.49237126111984253,0,1,01 > 02 > 03 > 04 > 05 > 07 > 09 > 09 > 08 > 10 > 11 > 12 > 06 > 13 > 14 > 17 > 29 > 27 > 00 > 00 > 00 > 33 > 01,33 > 01 > 02 > 03 > 04 > 05 > 06 > 05 > 07 > 09 > 08 > 10 > 11 > 12 > 06 > 13 > 14 > 13 > 14 > 13 > 25 > 24 > 14,1111,0:00:00.038034,0.03803443908691406,EGW_ES_EGW_CBI_RWS_OPC_DDM_FIR_IM,EvoGeneratorWrapper_EvolutionaryStrategy_EvoGeneratorWrapper_CaseBasedInitiator_RouletteWheelSelector_OnePointCrosser_DataDistributionMutator_FittestIndividualRecombiner_ImprovementMeasure,1,EvoGeneratorWrapper,34,27,21,1,EvolutionaryStrategy,10,500,100,500,CaseBasedInitiator,RouletteWheelSelector,OnePointCrosser,,DataDistributionMutator,0.1,0.04,0.3,0.1,0.05,0.51,FittestIndividualRecombiner,,486,34,27,1111,ImprovementMeasure,1,1,18
1,EvolutionaryStrategy,32,0.9984368681907654,1,1.8194058835099318,0.5860805860805861,0.7054762941077052,0.028565719372742108,0.4992832839488983,0,1,33 > 01 > 02 > 03 > 04 > 05 > 07 > 08 > 10 > 11 > 12 > 06 > 13 > 14 > 14 > 13 > 14 > 17 > 26 > 28 > 20 > 17,33 > 01 > 02 > 03 > 04 > 05 > 06 > 05 > 07 > 09 > 08 > 10 > 11 > 12 > 06 > 13 > 14 > 13 > 14 > 13 > 25 > 24 > 14,1111,0:00:00.038034,0.03803443908691406,EGW_ES_EGW_CBI_RWS_OPC_DDM_FIR_IM,EvoGeneratorWrapper_EvolutionaryStrategy_EvoGeneratorWrapper_CaseBasedInitiator_RouletteWheelSelector_OnePointCrosser_DataDistributionMutator_FittestIndividualRecombiner_ImprovementMeasure,1,EvoGeneratorWrapper,34,27,21,1,EvolutionaryStrategy,10,500,100,500,CaseBasedInitiator,RouletteWheelSelector,OnePointCrosser,,DataDistributionMutator,0.1,0.04,0.3,0.1,0.05,0.51,FittestIndividualRecombiner,,486,34,27,1111,ImprovementMeasure,1,1,19
1,EvolutionaryStrategy,31,0.9984368681907654,1,1.8194058835099318,0.5860805860805861,0.7054762941077052,0.028565719372742108,0.4992832839488983,0,1,33 > 01 > 02 > 03 > 04 > 05 > 07 > 08 > 10 > 11 > 12 > 06 > 13 > 14 > 14 > 13 > 14 > 17 > 26 > 28 > 20 > 17,33 > 01 > 02 > 03 > 04 > 05 > 06 > 05 > 07 > 09 > 08 > 10 > 11 > 12 > 06 > 13 > 14 > 13 > 14 > 13 > 25 > 24 > 14,1111,0:00:00.038034,0.03803443908691406,EGW_ES_EGW_CBI_RWS_OPC_DDM_FIR_IM,EvoGeneratorWrapper_EvolutionaryStrategy_EvoGeneratorWrapper_CaseBasedInitiator_RouletteWheelSelector_OnePointCrosser_DataDistributionMutator_FittestIndividualRecombiner_ImprovementMeasure,1,EvoGeneratorWrapper,34,27,21,1,EvolutionaryStrategy,10,500,100,500,CaseBasedInitiator,RouletteWheelSelector,OnePointCrosser,,DataDistributionMutator,0.1,0.04,0.3,0.1,0.05,0.51,FittestIndividualRecombiner,,486,34,27,1111,ImprovementMeasure,1,1,20
1,EvolutionaryStrategy,30,0.9993016719818115,1,1.821048438084023,0.5998168498168498,0.7191614074321943,0.0023544949905576025,0.4997156858444214,0,1,33 > 01 > 02 > 03 > 04 > 05 > 07 > 09 > 08 > 09 > 10 > 11 > 12 > 06 > 13 > 25 > 20 > 29 > 28 > 20,33 > 01 > 02 > 03 > 04 > 05 > 06 > 05 > 07 > 09 > 08 > 10 > 11 > 12 > 06 > 13 > 14 > 13 > 14 > 13 > 25 > 24 > 14,1111,0:00:00.038034,0.03803443908691406,EGW_ES_EGW_CBI_RWS_OPC_DDM_FIR_IM,EvoGeneratorWrapper_EvolutionaryStrategy_EvoGeneratorWrapper_CaseBasedInitiator_RouletteWheelSelector_OnePointCrosser_DataDistributionMutator_FittestIndividualRecombiner_ImprovementMeasure,1,EvoGeneratorWrapper,34,27,21,1,EvolutionaryStrategy,10,500,100,500,CaseBasedInitiator,RouletteWheelSelector,OnePointCrosser,,DataDistributionMutator,0.1,0.04,0.3,0.1,0.05,0.51,FittestIndividualRecombiner,,486,34,27,1111,ImprovementMeasure,1,1,21
1,EvolutionaryStrategy,29,0.9991430044174194,1,1.821063059047932,0.5989010989010989,0.7203857296558969,0.0021398784287106768,0.49963635206222534,0,1,33 > 01 > 02 > 03 > 04 > 05 > 07 > 08 > 09 > 08 > 10 > 11 > 12 > 06 > 13 > 14 > 17 > 29 > 27 > 00 > 00 > 00 > 33 > 29,33 > 01 > 02 > 03 > 04 > 05 > 06 > 05 > 07 > 09 > 08 > 10 > 11 > 12 > 06 > 13 > 14 > 13 > 14 > 13 > 25 > 24 > 14,1111,0:00:00.038034,0.03803443908691406,EGW_ES_EGW_CBI_RWS_OPC_DDM_FIR_IM,EvoGeneratorWrapper_EvolutionaryStrategy_EvoGeneratorWrapper_CaseBasedInitiator_RouletteWheelSelector_OnePointCrosser_DataDistributionMutator_FittestIndividualRecombiner_ImprovementMeasure,1,EvoGeneratorWrapper,34,27,21,1,EvolutionaryStrategy,10,500,100,500,CaseBasedInitiator,RouletteWheelSelector,OnePointCrosser,,DataDistributionMutator,0.1,0.04,0.3,0.1,0.05,0.51,FittestIndividualRecombiner,,486,34,27,1111,ImprovementMeasure,1,1,22
1,EvolutionaryStrategy,28,0.9846122860908508,1,1.821447211419328,0.5989010989010989,0.7203857296558969,0.009789389963391185,0.49237099289894104,0,1,33 > 01 > 02 > 03 > 04 > 05 > 07 > 08 > 09 > 08 > 10 > 11 > 12 > 06 > 13 > 14 > 17 > 29 > 27 > 00 > 00 > 00 > 33 > 01,33 > 01 > 02 > 03 > 04 > 05 > 06 > 05 > 07 > 09 > 08 > 10 > 11 > 12 > 06 > 13 > 14 > 13 > 14 > 13 > 25 > 24 > 14,1111,0:00:00.038034,0.03803443908691406,EGW_ES_EGW_CBI_RWS_OPC_DDM_FIR_IM,EvoGeneratorWrapper_EvolutionaryStrategy_EvoGeneratorWrapper_CaseBasedInitiator_RouletteWheelSelector_OnePointCrosser_DataDistributionMutator_FittestIndividualRecombiner_ImprovementMeasure,1,EvoGeneratorWrapper,34,27,21,1,EvolutionaryStrategy,10,500,100,500,CaseBasedInitiator,RouletteWheelSelector,OnePointCrosser,,DataDistributionMutator,0.1,0.04,0.3,0.1,0.05,0.51,FittestIndividualRecombiner,,486,34,27,1111,ImprovementMeasure,1,1,23
1,EvolutionaryStrategy,27,0.9911443591117859,1,1.821758654123879,0.597985347985348,0.7236316560339928,0.0045046206951297576,0.49563702940940857,0,1,33 > 01 > 02 > 03 > 04 > 05 > 07 > 08 > 09 > 10 > 11 > 12 > 06 > 13 > 14 > 13 > 14 > 25 > 17 > 26 > 28 > 20 > 17,33 > 01 > 02 > 03 > 04 > 05 > 06 > 05 > 07 > 09 > 08 > 10 > 11 > 12 > 06 > 13 > 14 > 13 > 14 > 13 > 25 > 24 > 14,1111,0:00:00.038034,0.03803443908691406,EGW_ES_EGW_CBI_RWS_OPC_DDM_FIR_IM,EvoGeneratorWrapper_EvolutionaryStrategy_EvoGeneratorWrapper_CaseBasedInitiator_RouletteWheelSelector_OnePointCrosser_DataDistributionMutator_FittestIndividualRecombiner_ImprovementMeasure,1,EvoGeneratorWrapper,34,27,21,1,EvolutionaryStrategy,10,500,100,500,CaseBasedInitiator,RouletteWheelSelector,OnePointCrosser,,DataDistributionMutator,0.1,0.04,0.3,0.1,0.05,0.51,FittestIndividualRecombiner,,486,34,27,1111,ImprovementMeasure,1,1,24
1,EvolutionaryStrategy,26,0.9993008375167847,1,1.8219604299673382,0.6016483516483517,0.7204426163142251,0.0001541933928532363,0.49971526861190796,0,1,33 > 01 > 02 > 03 > 04 > 05 > 07 > 08 > 09 > 08 > 10 > 11 > 12 > 06 > 13 > 14 > 14 > 17 > 27 > 00 > 00 > 26 > 00 > 29,33 > 01 > 02 > 03 > 04 > 05 > 06 > 05 > 07 > 09 > 08 > 10 > 11 > 12 > 06 > 13 > 14 > 13 > 14 > 13 > 25 > 24 > 14,1111,0:00:00.038034,0.03803443908691406,EGW_ES_EGW_CBI_RWS_OPC_DDM_FIR_IM,EvoGeneratorWrapper_EvolutionaryStrategy_EvoGeneratorWrapper_CaseBasedInitiator_RouletteWheelSelector_OnePointCrosser_DataDistributionMutator_FittestIndividualRecombiner_ImprovementMeasure,1,EvoGeneratorWrapper,34,27,21,1,EvolutionaryStrategy,10,500,100,500,CaseBasedInitiator,RouletteWheelSelector,OnePointCrosser,,DataDistributionMutator,0.1,0.04,0.3,0.1,0.05,0.51,FittestIndividualRecombiner,,486,34,27,1111,ImprovementMeasure,1,1,25
1,EvolutionaryStrategy,25,0.9993256330490112,1,1.822549621999814,0.5897435897435898,0.7112964585298895,0.02178190734831347,0.49972766637802124,0,1,33 > 01 > 02 > 03 > 04 > 05 > 07 > 08 > 10 > 11 > 12 > 06 > 13 > 15 > 16 > 14 > 13 > 14 > 17 > 29 > 26 > 29,33 > 01 > 02 > 03 > 04 > 05 > 06 > 05 > 07 > 09 > 08 > 10 > 11 > 12 > 06 > 13 > 14 > 13 > 14 > 13 > 25 > 24 > 14,1111,0:00:00.038034,0.03803443908691406,EGW_ES_EGW_CBI_RWS_OPC_DDM_FIR_IM,EvoGeneratorWrapper_EvolutionaryStrategy_EvoGeneratorWrapper_CaseBasedInitiator_RouletteWheelSelector_OnePointCrosser_DataDistributionMutator_FittestIndividualRecombiner_ImprovementMeasure,1,EvoGeneratorWrapper,34,27,21,1,EvolutionaryStrategy,10,500,100,500,CaseBasedInitiator,RouletteWheelSelector,OnePointCrosser,,DataDistributionMutator,0.1,0.04,0.3,0.1,0.05,0.51,FittestIndividualRecombiner,,486,34,27,1111,ImprovementMeasure,1,1,26
1,EvolutionaryStrategy,24,0.9993188381195068,1,1.8232494725039212,0.5741758241758241,0.6982089637716064,0.05114041564322163,0.49972426891326904,0,1,33 > 01 > 02 > 03 > 04 > 05 > 06 > 13 > 14 > 13 > 14 > 17 > 20 > 17 > 26 > 28,33 > 01 > 02 > 03 > 04 > 05 > 06 > 05 > 07 > 09 > 08 > 10 > 11 > 12 > 06 > 13 > 14 > 13 > 14 > 13 > 25 > 24 > 14,1111,0:00:00.038034,0.03803443908691406,EGW_ES_EGW_CBI_RWS_OPC_DDM_FIR_IM,EvoGeneratorWrapper_EvolutionaryStrategy_EvoGeneratorWrapper_CaseBasedInitiator_RouletteWheelSelector_OnePointCrosser_DataDistributionMutator_FittestIndividualRecombiner_ImprovementMeasure,1,EvoGeneratorWrapper,34,27,21,1,EvolutionaryStrategy,10,500,100,500,CaseBasedInitiator,RouletteWheelSelector,OnePointCrosser,,DataDistributionMutator,0.1,0.04,0.3,0.1,0.05,0.51,FittestIndividualRecombiner,,486,34,27,1111,ImprovementMeasure,1,1,27
1,EvolutionaryStrategy,23,0.9993116855621338,1,1.8274871345565833,0.5961538461538461,0.7236689896440851,0.007943606124069738,0.4997206926345825,0,1,33 > 01 > 02 > 03 > 04 > 05 > 06 > 05 > 07 > 06 > 13 > 14 > 13 > 25 > 24 > 25 > 24 > 17 > 26 > 27,33 > 01 > 02 > 03 > 04 > 05 > 06 > 05 > 07 > 09 > 08 > 10 > 11 > 12 > 06 > 13 > 14 > 13 > 14 > 13 > 25 > 24 > 14,1111,0:00:00.038034,0.03803443908691406,EGW_ES_EGW_CBI_RWS_OPC_DDM_FIR_IM,EvoGeneratorWrapper_EvolutionaryStrategy_EvoGeneratorWrapper_CaseBasedInitiator_RouletteWheelSelector_OnePointCrosser_DataDistributionMutator_FittestIndividualRecombiner_ImprovementMeasure,1,EvoGeneratorWrapper,34,27,21,1,EvolutionaryStrategy,10,500,100,500,CaseBasedInitiator,RouletteWheelSelector,OnePointCrosser,,DataDistributionMutator,0.1,0.04,0.3,0.1,0.05,0.51,FittestIndividualRecombiner,,486,34,27,1111,ImprovementMeasure,1,1,28
1,EvolutionaryStrategy,22,0.9993211030960083,1,1.8315526223843754,0.5998168498168498,0.7216460734350012,0.01036429773100482,0.4997254014015198,0,1,33 > 01 > 02 > 03 > 04 > 05 > 07 > 09 > 08 > 09 > 10 > 11 > 12 > 06 > 13 > 25 > 20 > 17 > 26 > 27,33 > 01 > 02 > 03 > 04 > 05 > 06 > 05 > 07 > 09 > 08 > 10 > 11 > 12 > 06 > 13 > 14 > 13 > 14 > 13 > 25 > 24 > 14,1111,0:00:00.038034,0.03803443908691406,EGW_ES_EGW_CBI_RWS_OPC_DDM_FIR_IM,EvoGeneratorWrapper_EvolutionaryStrategy_EvoGeneratorWrapper_CaseBasedInitiator_RouletteWheelSelector_OnePointCrosser_DataDistributionMutator_FittestIndividualRecombiner_ImprovementMeasure,1,EvoGeneratorWrapper,34,27,21,1,EvolutionaryStrategy,10,500,100,500,CaseBasedInitiator,RouletteWheelSelector,OnePointCrosser,,DataDistributionMutator,0.1,0.04,0.3,0.1,0.05,0.51,FittestIndividualRecombiner,,486,34,27,1111,ImprovementMeasure,1,1,29
1,EvolutionaryStrategy,21,0.9993188381195068,1,1.8328045662087942,0.5961538461538461,0.7282430754699631,0.00868337567171577,0.49972426891326904,0,1,33 > 01 > 02 > 03 > 04 > 05 > 06 > 05 > 07 > 06 > 13 > 14 > 13 > 25 > 24 > 25 > 24 > 26 > 28 > 20,33 > 01 > 02 > 03 > 04 > 05 > 06 > 05 > 07 > 09 > 08 > 10 > 11 > 12 > 06 > 13 > 14 > 13 > 14 > 13 > 25 > 24 > 14,1111,0:00:00.038034,0.03803443908691406,EGW_ES_EGW_CBI_RWS_OPC_DDM_FIR_IM,EvoGeneratorWrapper_EvolutionaryStrategy_EvoGeneratorWrapper_CaseBasedInitiator_RouletteWheelSelector_OnePointCrosser_DataDistributionMutator_FittestIndividualRecombiner_ImprovementMeasure,1,EvoGeneratorWrapper,34,27,21,1,EvolutionaryStrategy,10,500,100,500,CaseBasedInitiator,RouletteWheelSelector,OnePointCrosser,,DataDistributionMutator,0.1,0.04,0.3,0.1,0.05,0.51,FittestIndividualRecombiner,,486,34,27,1111,ImprovementMeasure,1,1,30
1,EvolutionaryStrategy,20,0.9993209838867188,1,1.8333376808236945,0.5494505494505495,0.7010187794229328,0.08314301015333728,0.499725341796875,0,1,33 > 01 > 02 > 21 > 22 > 03 > 04 > 05 > 06 > 13 > 14 > 17 > 26 > 28 > 20,33 > 01 > 02 > 03 > 04 > 05 > 06 > 05 > 07 > 09 > 08 > 10 > 11 > 12 > 06 > 13 > 14 > 13 > 14 > 13 > 25 > 24 > 14,1111,0:00:00.038034,0.03803443908691406,EGW_ES_EGW_CBI_RWS_OPC_DDM_FIR_IM,EvoGeneratorWrapper_EvolutionaryStrategy_EvoGeneratorWrapper_CaseBasedInitiator_RouletteWheelSelector_OnePointCrosser_DataDistributionMutator_FittestIndividualRecombiner_ImprovementMeasure,1,EvoGeneratorWrapper,34,27,21,1,EvolutionaryStrategy,10,500,100,500,CaseBasedInitiator,RouletteWheelSelector,OnePointCrosser,,DataDistributionMutator,0.1,0.04,0.3,0.1,0.05,0.51,FittestIndividualRecombiner,,486,34,27,1111,ImprovementMeasure,1,1,31
1,EvolutionaryStrategy,19,0.9993209838867188,1,1.8333376808236945,0.5494505494505495,0.7010187794229328,0.08314301015333728,0.499725341796875,0,1,33 > 01 > 02 > 21 > 22 > 03 > 04 > 05 > 06 > 13 > 14 > 17 > 26 > 28 > 20,33 > 01 > 02 > 03 > 04 > 05 > 06 > 05 > 07 > 09 > 08 > 10 > 11 > 12 > 06 > 13 > 14 > 13 > 14 > 13 > 25 > 24 > 14,1111,0:00:00.038034,0.03803443908691406,EGW_ES_EGW_CBI_RWS_OPC_DDM_FIR_IM,EvoGeneratorWrapper_EvolutionaryStrategy_EvoGeneratorWrapper_CaseBasedInitiator_RouletteWheelSelector_OnePointCrosser_DataDistributionMutator_FittestIndividualRecombiner_ImprovementMeasure,1,EvoGeneratorWrapper,34,27,21,1,EvolutionaryStrategy,10,500,100,500,CaseBasedInitiator,RouletteWheelSelector,OnePointCrosser,,DataDistributionMutator,0.1,0.04,0.3,0.1,0.05,0.51,FittestIndividualRecombiner,,486,34,27,1111,ImprovementMeasure,1,1,32
1,EvolutionaryStrategy,18,0.9993221759796143,1,1.8413315248238005,0.6071428571428572,0.7344144578052905,4.827203233010915e-05,0.49972593784332275,0,1,33 > 00 > 33 > 01 > 02 > 03 > 04 > 10 > 11 > 12 > 06 > 13 > 14 > 13 > 25 > 00 > 25 > 24 > 17 > 26 > 27,33 > 01 > 02 > 03 > 04 > 05 > 06 > 05 > 07 > 09 > 08 > 10 > 11 > 12 > 06 > 13 > 14 > 13 > 14 > 13 > 25 > 24 > 14,1111,0:00:00.038034,0.03803443908691406,EGW_ES_EGW_CBI_RWS_OPC_DDM_FIR_IM,EvoGeneratorWrapper_EvolutionaryStrategy_EvoGeneratorWrapper_CaseBasedInitiator_RouletteWheelSelector_OnePointCrosser_DataDistributionMutator_FittestIndividualRecombiner_ImprovementMeasure,1,EvoGeneratorWrapper,34,27,21,1,EvolutionaryStrategy,10,500,100,500,CaseBasedInitiator,RouletteWheelSelector,OnePointCrosser,,DataDistributionMutator,0.1,0.04,0.3,0.1,0.05,0.51,FittestIndividualRecombiner,,486,34,27,1111,ImprovementMeasure,1,1,33
1,EvolutionaryStrategy,17,0.9993224143981934,1,1.853267807367717,0.5384615384615384,0.7127968540455818,0.10228335780798442,0.4997260570526123,0,1,20 > 17 > 27 > 28,33 > 01 > 02 > 03 > 04 > 05 > 06 > 05 > 07 > 09 > 08 > 10 > 11 > 12 > 06 > 13 > 14 > 13 > 14 > 13 > 25 > 24 > 14,1111,0:00:00.038034,0.03803443908691406,EGW_ES_EGW_CBI_RWS_OPC_DDM_FIR_IM,EvoGeneratorWrapper_EvolutionaryStrategy_EvoGeneratorWrapper_CaseBasedInitiator_RouletteWheelSelector_OnePointCrosser_DataDistributionMutator_FittestIndividualRecombiner_ImprovementMeasure,1,EvoGeneratorWrapper,34,27,21,1,EvolutionaryStrategy,10,500,100,500,CaseBasedInitiator,RouletteWheelSelector,OnePointCrosser,,DataDistributionMutator,0.1,0.04,0.3,0.1,0.05,0.51,FittestIndividualRecombiner,,486,34,27,1111,ImprovementMeasure,1,1,34
1,EvolutionaryStrategy,16,0.9992178678512573,1,1.8557540592697936,0.6108058608058607,0.7420844411603662,0.0031899735244223996,0.4996737837791443,0,1,33 > 01 > 02 > 03 > 04 > 05 > 07 > 12 > 06 > 13 > 14 > 13 > 14 > 25 > 24 > 14 > 20 > 17 > 26,33 > 01 > 02 > 03 > 04 > 05 > 06 > 05 > 07 > 09 > 08 > 10 > 11 > 12 > 06 > 13 > 14 > 13 > 14 > 13 > 25 > 24 > 14,1111,0:00:00.038034,0.03803443908691406,EGW_ES_EGW_CBI_RWS_OPC_DDM_FIR_IM,EvoGeneratorWrapper_EvolutionaryStrategy_EvoGeneratorWrapper_CaseBasedInitiator_RouletteWheelSelector_OnePointCrosser_DataDistributionMutator_FittestIndividualRecombiner_ImprovementMeasure,1,EvoGeneratorWrapper,34,27,21,1,EvolutionaryStrategy,10,500,100,500,CaseBasedInitiator,RouletteWheelSelector,OnePointCrosser,,DataDistributionMutator,0.1,0.04,0.3,0.1,0.05,0.51,FittestIndividualRecombiner,,486,34,27,1111,ImprovementMeasure,1,1,35
1,EvolutionaryStrategy,15,0.9992355108261108,1,1.8591965614842927,0.6144688644688645,0.7450420306459125,3.061102944597296e-06,0.49968260526657104,0,1,11 > 33 > 01 > 02 > 03 > 04 > 05 > 06 > 00 > 14 > 13 > 00 > 14 > 13 > 14 > 00 > 29,33 > 01 > 02 > 03 > 04 > 05 > 06 > 05 > 07 > 09 > 08 > 10 > 11 > 12 > 06 > 13 > 14 > 13 > 14 > 13 > 25 > 24 > 14,1111,0:00:00.038034,0.03803443908691406,EGW_ES_EGW_CBI_RWS_OPC_DDM_FIR_IM,EvoGeneratorWrapper_EvolutionaryStrategy_EvoGeneratorWrapper_CaseBasedInitiator_RouletteWheelSelector_OnePointCrosser_DataDistributionMutator_FittestIndividualRecombiner_ImprovementMeasure,1,EvoGeneratorWrapper,34,27,21,1,EvolutionaryStrategy,10,500,100,500,CaseBasedInitiator,RouletteWheelSelector,OnePointCrosser,,DataDistributionMutator,0.1,0.04,0.3,0.1,0.05,0.51,FittestIndividualRecombiner,,486,34,27,1111,ImprovementMeasure,1,1,36
1,EvolutionaryStrategy,14,0.9992120265960693,1,1.8603312673651917,0.61996336996337,0.736404144911901,0.0042928893383705445,0.4996708631515503,0,1,33 > 01 > 02 > 03 > 04 > 05 > 07 > 08 > 09 > 10 > 11 > 12 > 06 > 13 > 14 > 13 > 14 > 25 > 24 > 14 > 20 > 17 > 26,33 > 01 > 02 > 03 > 04 > 05 > 06 > 05 > 07 > 09 > 08 > 10 > 11 > 12 > 06 > 13 > 14 > 13 > 14 > 13 > 25 > 24 > 14,1111,0:00:00.038034,0.03803443908691406,EGW_ES_EGW_CBI_RWS_OPC_DDM_FIR_IM,EvoGeneratorWrapper_EvolutionaryStrategy_EvoGeneratorWrapper_CaseBasedInitiator_RouletteWheelSelector_OnePointCrosser_DataDistributionMutator_FittestIndividualRecombiner_ImprovementMeasure,1,EvoGeneratorWrapper,34,27,21,1,EvolutionaryStrategy,10,500,100,500,CaseBasedInitiator,RouletteWheelSelector,OnePointCrosser,,DataDistributionMutator,0.1,0.04,0.3,0.1,0.05,0.51,FittestIndividualRecombiner,,486,34,27,1111,ImprovementMeasure,1,1,37
1,EvolutionaryStrategy,13,0.9992727637290955,1,1.8664852995449195,0.6346153846153846,0.7307443953724571,0.0014242878390144861,0.49970123171806335,0,1,33 > 01 > 02 > 03 > 04 > 05 > 07 > 08 > 10 > 11 > 12 > 06 > 13 > 14 > 13 > 14 > 25 > 24 > 11 > 20 > 17 > 26,33 > 01 > 02 > 03 > 04 > 05 > 06 > 05 > 07 > 09 > 08 > 10 > 11 > 12 > 06 > 13 > 14 > 13 > 14 > 13 > 25 > 24 > 14,1111,0:00:00.038034,0.03803443908691406,EGW_ES_EGW_CBI_RWS_OPC_DDM_FIR_IM,EvoGeneratorWrapper_EvolutionaryStrategy_EvoGeneratorWrapper_CaseBasedInitiator_RouletteWheelSelector_OnePointCrosser_DataDistributionMutator_FittestIndividualRecombiner_ImprovementMeasure,1,EvoGeneratorWrapper,34,27,21,1,EvolutionaryStrategy,10,500,100,500,CaseBasedInitiator,RouletteWheelSelector,OnePointCrosser,,DataDistributionMutator,0.1,0.04,0.3,0.1,0.05,0.51,FittestIndividualRecombiner,,486,34,27,1111,ImprovementMeasure,1,1,38
1,EvolutionaryStrategy,12,0.9993259906768799,1,1.8696368246729094,0.5787545787545787,0.727175181464972,0.06397921926140296,0.49972784519195557,0,1,33 > 01 > 02 > 03 > 04 > 05 > 06 > 13 > 14 > 13 > 24 > 20 > 17 > 26 > 28 > 29,33 > 01 > 02 > 03 > 04 > 05 > 06 > 05 > 07 > 09 > 08 > 10 > 11 > 12 > 06 > 13 > 14 > 13 > 14 > 13 > 25 > 24 > 14,1111,0:00:00.038034,0.03803443908691406,EGW_ES_EGW_CBI_RWS_OPC_DDM_FIR_IM,EvoGeneratorWrapper_EvolutionaryStrategy_EvoGeneratorWrapper_CaseBasedInitiator_RouletteWheelSelector_OnePointCrosser_DataDistributionMutator_FittestIndividualRecombiner_ImprovementMeasure,1,EvoGeneratorWrapper,34,27,21,1,EvolutionaryStrategy,10,500,100,500,CaseBasedInitiator,RouletteWheelSelector,OnePointCrosser,,DataDistributionMutator,0.1,0.04,0.3,0.1,0.05,0.51,FittestIndividualRecombiner,,486,34,27,1111,ImprovementMeasure,1,1,39
1,EvolutionaryStrategy,11,0.9992315769195557,1,1.8735652692396105,0.6318681318681318,0.7388423949561447,0.0031741041020405354,0.49968063831329346,0,1,33 > 00 > 00 > 00 > 00 > 00 > 00 > 00 > 33 > 01 > 02 > 03 > 04 > 05 > 07 > 08 > 09 > 10 > 11 > 12 > 06 > 13 > 14 > 13 > 15 > 29,33 > 01 > 02 > 03 > 04 > 05 > 06 > 05 > 07 > 09 > 08 > 10 > 11 > 12 > 06 > 13 > 14 > 13 > 14 > 13 > 25 > 24 > 14,1111,0:00:00.038034,0.03803443908691406,EGW_ES_EGW_CBI_RWS_OPC_DDM_FIR_IM,EvoGeneratorWrapper_EvolutionaryStrategy_EvoGeneratorWrapper_CaseBasedInitiator_RouletteWheelSelector_OnePointCrosser_DataDistributionMutator_FittestIndividualRecombiner_ImprovementMeasure,1,EvoGeneratorWrapper,34,27,21,1,EvolutionaryStrategy,10,500,100,500,CaseBasedInitiator,RouletteWheelSelector,OnePointCrosser,,DataDistributionMutator,0.1,0.04,0.3,0.1,0.05,0.51,FittestIndividualRecombiner,,486,34,27,1111,ImprovementMeasure,1,1,40
1,EvolutionaryStrategy,10,0.9993199110031128,1,1.899728291477391,0.5576923076923077,0.7227459731780019,0.11956520525200935,0.499724805355072,0,1,17 > 26 > 29,33 > 01 > 02 > 03 > 04 > 05 > 06 > 05 > 07 > 09 > 08 > 10 > 11 > 12 > 06 > 13 > 14 > 13 > 14 > 13 > 25 > 24 > 14,1111,0:00:00.038034,0.03803443908691406,EGW_ES_EGW_CBI_RWS_OPC_DDM_FIR_IM,EvoGeneratorWrapper_EvolutionaryStrategy_EvoGeneratorWrapper_CaseBasedInitiator_RouletteWheelSelector_OnePointCrosser_DataDistributionMutator_FittestIndividualRecombiner_ImprovementMeasure,1,EvoGeneratorWrapper,34,27,21,1,EvolutionaryStrategy,10,500,100,500,CaseBasedInitiator,RouletteWheelSelector,OnePointCrosser,,DataDistributionMutator,0.1,0.04,0.3,0.1,0.05,0.51,FittestIndividualRecombiner,,486,34,27,1111,ImprovementMeasure,1,1,41
1,EvolutionaryStrategy,9,0.9992315769195557,1,1.8998767718196325,0.6474358974358974,0.752477953224713,0.00028228284572872963,0.49968063831329346,0,1,01 > 02 > 03 > 04 > 05 > 07 > 08 > 09 > 10 > 11 > 00 > 06 > 13 > 14 > 13 > 15 > 29,33 > 01 > 02 > 03 > 04 > 05 > 06 > 05 > 07 > 09 > 08 > 10 > 11 > 12 > 06 > 13 > 14 > 13 > 14 > 13 > 25 > 24 > 14,1111,0:00:00.038034,0.03803443908691406,EGW_ES_EGW_CBI_RWS_OPC_DDM_FIR_IM,EvoGeneratorWrapper_EvolutionaryStrategy_EvoGeneratorWrapper_CaseBasedInitiator_RouletteWheelSelector_OnePointCrosser_DataDistributionMutator_FittestIndividualRecombiner_ImprovementMeasure,1,EvoGeneratorWrapper,34,27,21,1,EvolutionaryStrategy,10,500,100,500,CaseBasedInitiator,RouletteWheelSelector,OnePointCrosser,,DataDistributionMutator,0.1,0.04,0.3,0.1,0.05,0.51,FittestIndividualRecombiner,,486,34,27,1111,ImprovementMeasure,1,1,42
1,EvolutionaryStrategy,8,0.9992671608924866,1,1.9082926877818196,0.5989010989010989,0.7365201019512166,0.07317305662974517,0.4996984302997589,0,1,33 > 01 > 02 > 03 > 04 > 05 > 06 > 13 > 14 > 13 > 25 > 14 > 13 > 14 > 17 > 28,33 > 01 > 02 > 03 > 04 > 05 > 06 > 05 > 07 > 09 > 08 > 10 > 11 > 12 > 06 > 13 > 14 > 13 > 14 > 13 > 25 > 24 > 14,1111,0:00:00.038034,0.03803443908691406,EGW_ES_EGW_CBI_RWS_OPC_DDM_FIR_IM,EvoGeneratorWrapper_EvolutionaryStrategy_EvoGeneratorWrapper_CaseBasedInitiator_RouletteWheelSelector_OnePointCrosser_DataDistributionMutator_FittestIndividualRecombiner_ImprovementMeasure,1,EvoGeneratorWrapper,34,27,21,1,EvolutionaryStrategy,10,500,100,500,CaseBasedInitiator,RouletteWheelSelector,OnePointCrosser,,DataDistributionMutator,0.1,0.04,0.3,0.1,0.05,0.51,FittestIndividualRecombiner,,486,34,27,1111,ImprovementMeasure,1,1,43
1,EvolutionaryStrategy,7,0.9646665453910828,1,1.910326848524619,0.5576923076923077,0.725012579113133,0.14522383917012138,0.482398122549057,0,1,28 > 20 > 17,33 > 01 > 02 > 03 > 04 > 05 > 06 > 05 > 07 > 09 > 08 > 10 > 11 > 12 > 06 > 13 > 14 > 13 > 14 > 13 > 25 > 24 > 14,1111,0:00:00.038034,0.03803443908691406,EGW_ES_EGW_CBI_RWS_OPC_DDM_FIR_IM,EvoGeneratorWrapper_EvolutionaryStrategy_EvoGeneratorWrapper_CaseBasedInitiator_RouletteWheelSelector_OnePointCrosser_DataDistributionMutator_FittestIndividualRecombiner_ImprovementMeasure,1,EvoGeneratorWrapper,34,27,21,1,EvolutionaryStrategy,10,500,100,500,CaseBasedInitiator,RouletteWheelSelector,OnePointCrosser,,DataDistributionMutator,0.1,0.04,0.3,0.1,0.05,0.51,FittestIndividualRecombiner,,486,34,27,1111,ImprovementMeasure,1,1,44
1,EvolutionaryStrategy,6,0.999319314956665,1,1.9182097434098073,0.6510989010989011,0.7527779503245512,0.014608384654506886,0.49972450733184814,0,1,33 > 01 > 02 > 03 > 04 > 05 > 07 > 08 > 09 > 10 > 11 > 12 > 06 > 13 > 14 > 13 > 26 > 27,33 > 01 > 02 > 03 > 04 > 05 > 06 > 05 > 07 > 09 > 08 > 10 > 11 > 12 > 06 > 13 > 14 > 13 > 14 > 13 > 25 > 24 > 14,1111,0:00:00.038034,0.03803443908691406,EGW_ES_EGW_CBI_RWS_OPC_DDM_FIR_IM,EvoGeneratorWrapper_EvolutionaryStrategy_EvoGeneratorWrapper_CaseBasedInitiator_RouletteWheelSelector_OnePointCrosser_DataDistributionMutator_FittestIndividualRecombiner_ImprovementMeasure,1,EvoGeneratorWrapper,34,27,21,1,EvolutionaryStrategy,10,500,100,500,CaseBasedInitiator,RouletteWheelSelector,OnePointCrosser,,DataDistributionMutator,0.1,0.04,0.3,0.1,0.05,0.51,FittestIndividualRecombiner,,486,34,27,1111,ImprovementMeasure,1,1,45
1,EvolutionaryStrategy,5,0.009312369860708714,0,2.086093427189171,0.5961538461538461,0.7481646988514119,0.7370538366898334,0.00472104549407959,0,1,33 > 01,33 > 01 > 02 > 03 > 04 > 05 > 06 > 05 > 07 > 09 > 08 > 10 > 11 > 12 > 06 > 13 > 14 > 13 > 14 > 13 > 25 > 24 > 14,1111,0:00:00.038034,0.03803443908691406,EGW_ES_EGW_CBI_RWS_OPC_DDM_FIR_IM,EvoGeneratorWrapper_EvolutionaryStrategy_EvoGeneratorWrapper_CaseBasedInitiator_RouletteWheelSelector_OnePointCrosser_DataDistributionMutator_FittestIndividualRecombiner_ImprovementMeasure,1,EvoGeneratorWrapper,34,27,21,1,EvolutionaryStrategy,10,500,100,500,CaseBasedInitiator,RouletteWheelSelector,OnePointCrosser,,DataDistributionMutator,0.1,0.04,0.3,0.1,0.05,0.51,FittestIndividualRecombiner,,486,34,27,1111,ImprovementMeasure,1,1,46
1,EvolutionaryStrategy,4,0.009312369860708714,0,2.086093427189171,0.5961538461538461,0.7481646988514119,0.7370538366898334,0.00472104549407959,0,1,33 > 01,33 > 01 > 02 > 03 > 04 > 05 > 06 > 05 > 07 > 09 > 08 > 10 > 11 > 12 > 06 > 13 > 14 > 13 > 14 > 13 > 25 > 24 > 14,1111,0:00:00.038034,0.03803443908691406,EGW_ES_EGW_CBI_RWS_OPC_DDM_FIR_IM,EvoGeneratorWrapper_EvolutionaryStrategy_EvoGeneratorWrapper_CaseBasedInitiator_RouletteWheelSelector_OnePointCrosser_DataDistributionMutator_FittestIndividualRecombiner_ImprovementMeasure,1,EvoGeneratorWrapper,34,27,21,1,EvolutionaryStrategy,10,500,100,500,CaseBasedInitiator,RouletteWheelSelector,OnePointCrosser,,DataDistributionMutator,0.1,0.04,0.3,0.1,0.05,0.51,FittestIndividualRecombiner,,486,34,27,1111,ImprovementMeasure,1,1,47
1,EvolutionaryStrategy,3,0.009312369860708714,0,2.086093427189171,0.5961538461538461,0.7481646988514119,0.7370538366898334,0.00472104549407959,0,1,33 > 01,33 > 01 > 02 > 03 > 04 > 05 > 06 > 05 > 07 > 09 > 08 > 10 > 11 > 12 > 06 > 13 > 14 > 13 > 14 > 13 > 25 > 24 > 14,1111,0:00:00.038034,0.03803443908691406,EGW_ES_EGW_CBI_RWS_OPC_DDM_FIR_IM,EvoGeneratorWrapper_EvolutionaryStrategy_EvoGeneratorWrapper_CaseBasedInitiator_RouletteWheelSelector_OnePointCrosser_DataDistributionMutator_FittestIndividualRecombiner_ImprovementMeasure,1,EvoGeneratorWrapper,34,27,21,1,EvolutionaryStrategy,10,500,100,500,CaseBasedInitiator,RouletteWheelSelector,OnePointCrosser,,DataDistributionMutator,0.1,0.04,0.3,0.1,0.05,0.51,FittestIndividualRecombiner,,486,34,27,1111,ImprovementMeasure,1,1,48
1,EvolutionaryStrategy,2,0.009312369860708714,0,2.086093427189171,0.5961538461538461,0.7481646988514119,0.7370538366898334,0.00472104549407959,0,1,33 > 01,33 > 01 > 02 > 03 > 04 > 05 > 06 > 05 > 07 > 09 > 08 > 10 > 11 > 12 > 06 > 13 > 14 > 13 > 14 > 13 > 25 > 24 > 14,1111,0:00:00.038034,0.03803443908691406,EGW_ES_EGW_CBI_RWS_OPC_DDM_FIR_IM,EvoGeneratorWrapper_EvolutionaryStrategy_EvoGeneratorWrapper_CaseBasedInitiator_RouletteWheelSelector_OnePointCrosser_DataDistributionMutator_FittestIndividualRecombiner_ImprovementMeasure,1,EvoGeneratorWrapper,34,27,21,1,EvolutionaryStrategy,10,500,100,500,CaseBasedInitiator,RouletteWheelSelector,OnePointCrosser,,DataDistributionMutator,0.1,0.04,0.3,0.1,0.05,0.51,FittestIndividualRecombiner,,486,34,27,1111,ImprovementMeasure,1,1,49
1,EvolutionaryStrategy,1,0.009312369860708714,0,2.086093427189171,0.5961538461538461,0.7481646988514119,0.7370538366898334,0.00472104549407959,0,1,33 > 01,33 > 01 > 02 > 03 > 04 > 05 > 06 > 05 > 07 > 09 > 08 > 10 > 11 > 12 > 06 > 13 > 14 > 13 > 14 > 13 > 25 > 24 > 14,1111,0:00:00.038034,0.03803443908691406,EGW_ES_EGW_CBI_RWS_OPC_DDM_FIR_IM,EvoGeneratorWrapper_EvolutionaryStrategy_EvoGeneratorWrapper_CaseBasedInitiator_RouletteWheelSelector_OnePointCrosser_DataDistributionMutator_FittestIndividualRecombiner_ImprovementMeasure,1,EvoGeneratorWrapper,34,27,21,1,EvolutionaryStrategy,10,500,100,500,CaseBasedInitiator,RouletteWheelSelector,OnePointCrosser,,DataDistributionMutator,0.1,0.04,0.3,0.1,0.05,0.51,FittestIndividualRecombiner,,486,34,27,1111,ImprovementMeasure,1,1,50
1,EvolutionaryStrategy,50,0.9992583394050598,1,1.8778829966609143,0.6373626373626374,0.740737241641068,8.90981011631811e-05,0.49969401955604553,0,1,33 > 01 > 02 > 03 > 05 > 07 > 00 > 10 > 11 > 12 > 06 > 13 > 00 > 00 > 13 > 14 > 17 > 29,33 > 01 > 02 > 03 > 04 > 05 > 06 > 05 > 07 > 09 > 08 > 10 > 11 > 12 > 06 > 13 > 14 > 13 > 14 > 13 > 25 > 24 > 14,1111,0:00:00.037997,0.037996530532836914,EGW_ES_EGW_CBI_RWS_OPC_DDM_FIR_IM,EvoGeneratorWrapper_EvolutionaryStrategy_EvoGeneratorWrapper_CaseBasedInitiator_RouletteWheelSelector_OnePointCrosser_DataDistributionMutator_FittestIndividualRecombiner_ImprovementMeasure,2,EvoGeneratorWrapper,34,27,21,1,EvolutionaryStrategy,15,500,100,500,CaseBasedInitiator,RouletteWheelSelector,OnePointCrosser,,DataDistributionMutator,0.1,0.04,0.3,0.1,0.05,0.51,FittestIndividualRecombiner,,486,34,27,1111,ImprovementMeasure,1,1,1
1,EvolutionaryStrategy,49,0.9991580247879028,1,1.8797985837680606,0.6364468864468864,0.7422925809486807,0.0014152541250264151,0.49964386224746704,0,1,33 > 01 > 04 > 05 > 07 > 08 > 10 > 11 > 12 > 14 > 13 > 17 > 25 > 29,33 > 01 > 02 > 03 > 04 > 05 > 06 > 05 > 07 > 09 > 08 > 10 > 11 > 12 > 06 > 13 > 14 > 13 > 14 > 13 > 25 > 24 > 14,1111,0:00:00.037997,0.037996530532836914,EGW_ES_EGW_CBI_RWS_OPC_DDM_FIR_IM,EvoGeneratorWrapper_EvolutionaryStrategy_EvoGeneratorWrapper_CaseBasedInitiator_RouletteWheelSelector_OnePointCrosser_DataDistributionMutator_FittestIndividualRecombiner_ImprovementMeasure,2,EvoGeneratorWrapper,34,27,21,1,EvolutionaryStrategy,15,500,100,500,CaseBasedInitiator,RouletteWheelSelector,OnePointCrosser,,DataDistributionMutator,0.1,0.04,0.3,0.1,0.05,0.51,FittestIndividualRecombiner,,486,34,27,1111,ImprovementMeasure,1,1,2
1,EvolutionaryStrategy,48,0.9991580247879028,1,1.8797985837680606,0.6364468864468864,0.7422925809486807,0.0014152541250264151,0.49964386224746704,0,1,33 > 01 > 04 > 05 > 07 > 08 > 10 > 11 > 12 > 14 > 13 > 17 > 25 > 29,33 > 01 > 02 > 03 > 04 > 05 > 06 > 05 > 07 > 09 > 08 > 10 > 11 > 12 > 06 > 13 > 14 > 13 > 14 > 13 > 25 > 24 > 14,1111,0:00:00.037997,0.037996530532836914,EGW_ES_EGW_CBI_RWS_OPC_DDM_FIR_IM,EvoGeneratorWrapper_EvolutionaryStrategy_EvoGeneratorWrapper_CaseBasedInitiator_RouletteWheelSelector_OnePointCrosser_DataDistributionMutator_FittestIndividualRecombiner_ImprovementMeasure,2,EvoGeneratorWrapper,34,27,21,1,EvolutionaryStrategy,15,500,100,500,CaseBasedInitiator,RouletteWheelSelector,OnePointCrosser,,DataDistributionMutator,0.1,0.04,0.3,0.1,0.05,0.51,FittestIndividualRecombiner,,486,34,27,1111,ImprovementMeasure,1,1,3
1,EvolutionaryStrategy,47,0.9991580247879028,1,1.8797985837680606,0.6364468864468864,0.7422925809486807,0.0014152541250264151,0.49964386224746704,0,1,33 > 01 > 04 > 05 > 07 > 08 > 10 > 11 > 12 > 14 > 13 > 17 > 25 > 29,33 > 01 > 02 > 03 > 04 > 05 > 06 > 05 > 07 > 09 > 08 > 10 > 11 > 12 > 06 > 13 > 14 > 13 > 14 > 13 > 25 > 24 > 14,1111,0:00:00.037997,0.037996530532836914,EGW_ES_EGW_CBI_RWS_OPC_DDM_FIR_IM,EvoGeneratorWrapper_EvolutionaryStrategy_EvoGeneratorWrapper_CaseBasedInitiator_RouletteWheelSelector_OnePointCrosser_DataDistributionMutator_FittestIndividualRecombiner_ImprovementMeasure,2,EvoGeneratorWrapper,34,27,21,1,EvolutionaryStrategy,15,500,100,500,CaseBasedInitiator,RouletteWheelSelector,OnePointCrosser,,DataDistributionMutator,0.1,0.04,0.3,0.1,0.05,0.51,FittestIndividualRecombiner,,486,34,27,1111,ImprovementMeasure,1,1,4
1,EvolutionaryStrategy,46,0.9993218183517456,1,1.8799712220165485,0.6336996336996337,0.7240518348247362,0.02249399446279025,0.4997257590293884,0,1,33 > 01 > 02 > 03 > 04 > 05 > 07 > 09 > 08 > 10 > 11 > 12 > 06 > 13 > 14 > 13 > 24 > 14 > 17 > 26 > 29,33 > 01 > 02 > 03 > 04 > 05 > 06 > 05 > 07 > 09 > 08 > 10 > 11 > 12 > 06 > 13 > 14 > 13 > 14 > 13 > 25 > 24 > 14,1111,0:00:00.037997,0.037996530532836914,EGW_ES_EGW_CBI_RWS_OPC_DDM_FIR_IM,EvoGeneratorWrapper_EvolutionaryStrategy_EvoGeneratorWrapper_CaseBasedInitiator_RouletteWheelSelector_OnePointCrosser_DataDistributionMutator_FittestIndividualRecombiner_ImprovementMeasure,2,EvoGeneratorWrapper,34,27,21,1,EvolutionaryStrategy,15,500,100,500,CaseBasedInitiator,RouletteWheelSelector,OnePointCrosser,,DataDistributionMutator,0.1,0.04,0.3,0.1,0.05,0.51,FittestIndividualRecombiner,,486,34,27,1111,ImprovementMeasure,1,1,5
1,EvolutionaryStrategy,45,0.9991932511329651,1,1.8811923114860531,0.6373626373626374,0.74181144232434,0.002356756379077705,0.49966147541999817,0,1,33 > 01 > 04 > 05 > 06 > 05 > 07 > 09 > 10 > 11 > 12 > 06 > 13 > 14 > 14 > 13 > 20 > 17 > 26,33 > 01 > 02 > 03 > 04 > 05 > 06 > 05 > 07 > 09 > 08 > 10 > 11 > 12 > 06 > 13 > 14 > 13 > 14 > 13 > 25 > 24 > 14,1111,0:00:00.037997,0.037996530532836914,EGW_ES_EGW_CBI_RWS_OPC_DDM_FIR_IM,EvoGeneratorWrapper_EvolutionaryStrategy_EvoGeneratorWrapper_CaseBasedInitiator_RouletteWheelSelector_OnePointCrosser_DataDistributionMutator_FittestIndividualRecombiner_ImprovementMeasure,2,EvoGeneratorWrapper,34,27,21,1,EvolutionaryStrategy,15,500,100,500,CaseBasedInitiator,RouletteWheelSelector,OnePointCrosser,,DataDistributionMutator,0.1,0.04,0.3,0.1,0.05,0.51,FittestIndividualRecombiner,,486,34,27,1111,ImprovementMeasure,1,1,6
1,EvolutionaryStrategy,44,0.9991820454597473,1,1.881392598132023,0.6254578754578755,0.7450629703219527,0.011215879768805451,0.4996558725833893,0,1,33 > 01 > 04 > 23 > 05 > 07 > 09 > 10 > 11 > 12 > 06 > 13 > 14 > 13 > 14 > 17 > 26,33 > 01 > 02 > 03 > 04 > 05 > 06 > 05 > 07 > 09 > 08 > 10 > 11 > 12 > 06 > 13 > 14 > 13 > 14 > 13 > 25 > 24 > 14,1111,0:00:00.037997,0.037996530532836914,EGW_ES_EGW_CBI_RWS_OPC_DDM_FIR_IM,EvoGeneratorWrapper_EvolutionaryStrategy_EvoGeneratorWrapper_CaseBasedInitiator_RouletteWheelSelector_OnePointCrosser_DataDistributionMutator_FittestIndividualRecombiner_ImprovementMeasure,2,EvoGeneratorWrapper,34,27,21,1,EvolutionaryStrategy,15,500,100,500,CaseBasedInitiator,RouletteWheelSelector,OnePointCrosser,,DataDistributionMutator,0.1,0.04,0.3,0.1,0.05,0.51,FittestIndividualRecombiner,,486,34,27,1111,ImprovementMeasure,1,1,7
1,EvolutionaryStrategy,43,0.9991568326950073,1,1.8816362740387007,0.6428571428571428,0.7388881448313033,0.00024772014923548323,0.4996432662010193,0,1,33 > 33 > 01 > 00 > 00 > 00 > 33 > 01 > 02 > 03 > 04 > 08 > 09 > 08 > 10 > 11 > 12 > 06 > 13 > 14 > 13 > 14 > 13 > 29,33 > 01 > 02 > 03 > 04 > 05 > 06 > 05 > 07 > 09 > 08 > 10 > 11 > 12 > 06 > 13 > 14 > 13 > 14 > 13 > 25 > 24 > 14,1111,0:00:00.037997,0.037996530532836914,EGW_ES_EGW_CBI_RWS_OPC_DDM_FIR_IM,EvoGeneratorWrapper_EvolutionaryStrategy_EvoGeneratorWrapper_CaseBasedInitiator_RouletteWheelSelector_OnePointCrosser_DataDistributionMutator_FittestIndividualRecombiner_ImprovementMeasure,2,EvoGeneratorWrapper,34,27,21,1,EvolutionaryStrategy,15,500,100,500,CaseBasedInitiator,RouletteWheelSelector,OnePointCrosser,,DataDistributionMutator,0.1,0.04,0.3,0.1,0.05,0.51,FittestIndividualRecombiner,,486,34,27,1111,ImprovementMeasure,1,1,8
1,EvolutionaryStrategy,42,0.9991568326950073,1,1.8816362740387007,0.6428571428571428,0.7388881448313033,0.00024772014923548323,0.4996432662010193,0,1,33 > 33 > 01 > 00 > 00 > 00 > 33 > 01 > 02 > 03 > 04 > 08 > 09 > 08 > 10 > 11 > 12 > 06 > 13 > 14 > 13 > 14 > 13 > 29,33 > 01 > 02 > 03 > 04 > 05 > 06 > 05 > 07 > 09 > 08 > 10 > 11 > 12 > 06 > 13 > 14 > 13 > 14 > 13 > 25 > 24 > 14,1111,0:00:00.037997,0.037996530532836914,EGW_ES_EGW_CBI_RWS_OPC_DDM_FIR_IM,EvoGeneratorWrapper_EvolutionaryStrategy_EvoGeneratorWrapper_CaseBasedInitiator_RouletteWheelSelector_OnePointCrosser_DataDistributionMutator_FittestIndividualRecombiner_ImprovementMeasure,2,EvoGeneratorWrapper,34,27,21,1,EvolutionaryStrategy,15,500,100,500,CaseBasedInitiator,RouletteWheelSelector,OnePointCrosser,,DataDistributionMutator,0.1,0.04,0.3,0.1,0.05,0.51,FittestIndividualRecombiner,,486,34,27,1111,ImprovementMeasure,1,1,9
1,EvolutionaryStrategy,41,0.9993104934692383,1,1.8827020309199,0.6501831501831502,0.73156242134422,0.0012363628043950525,0.49972009658813477,0,1,33 > 01 > 02 > 03 > 04 > 05 > 07 > 09 > 08 > 10 > 11 > 12 > 06 > 13 > 14 > 13 > 14 > 17 > 29 > 13 > 29,33 > 01 > 02 > 03 > 04 > 05 > 06 > 05 > 07 > 09 > 08 > 10 > 11 > 12 > 06 > 13 > 14 > 13 > 14 > 13 > 25 > 24 > 14,1111,0:00:00.037997,0.037996530532836914,EGW_ES_EGW_CBI_RWS_OPC_DDM_FIR_IM,EvoGeneratorWrapper_EvolutionaryStrategy_EvoGeneratorWrapper_CaseBasedInitiator_RouletteWheelSelector_OnePointCrosser_DataDistributionMutator_FittestIndividualRecombiner_ImprovementMeasure,2,EvoGeneratorWrapper,34,27,21,1,EvolutionaryStrategy,15,500,100,500,CaseBasedInitiator,RouletteWheelSelector,OnePointCrosser,,DataDistributionMutator,0.1,0.04,0.3,0.1,0.05,0.51,FittestIndividualRecombiner,,486,34,27,1111,ImprovementMeasure,1,1,10
1,EvolutionaryStrategy,40,0.9993253946304321,1,1.8830604233755122,0.6474358974358974,0.7313466581111602,0.004550320659723118,0.4997275471687317,0,1,33 > 01 > 02 > 03 > 04 > 05 > 07 > 09 > 08 > 10 > 11 > 12 > 06 > 13 > 14 > 14 > 13 > 25 > 29 > 26 > 27,33 > 01 > 02 > 03 > 04 > 05 > 06 > 05 > 07 > 09 > 08 > 10 > 11 > 12 > 06 > 13 > 14 > 13 > 14 > 13 > 25 > 24 > 14,1111,0:00:00.037997,0.037996530532836914,EGW_ES_EGW_CBI_RWS_OPC_DDM_FIR_IM,EvoGeneratorWrapper_EvolutionaryStrategy_EvoGeneratorWrapper_CaseBasedInitiator_RouletteWheelSelector_OnePointCrosser_DataDistributionMutator_FittestIndividualRecombiner_ImprovementMeasure,2,EvoGeneratorWrapper,34,27,21,1,EvolutionaryStrategy,15,500,100,500,CaseBasedInitiator,RouletteWheelSelector,OnePointCrosser,,DataDistributionMutator,0.1,0.04,0.3,0.1,0.05,0.51,FittestIndividualRecombiner,,486,34,27,1111,ImprovementMeasure,1,1,11
1,EvolutionaryStrategy,39,0.9991970658302307,1,1.8830972467495062,0.6291208791208791,0.7387367919593194,0.015576192900676904,0.499663382768631,0,1,33 > 01 > 02 > 03 > 04 > 05 > 11 > 12 > 06 > 13 > 14 > 14 > 13 > 14 > 17 > 29,33 > 01 > 02 > 03 > 04 > 05 > 06 > 05 > 07 > 09 > 08 > 10 > 11 > 12 > 06 > 13 > 14 > 13 > 14 > 13 > 25 > 24 > 14,1111,0:00:00.037997,0.037996530532836914,EGW_ES_EGW_CBI_RWS_OPC_DDM_FIR_IM,EvoGeneratorWrapper_EvolutionaryStrategy_EvoGeneratorWrapper_CaseBasedInitiator_RouletteWheelSelector_OnePointCrosser_DataDistributionMutator_FittestIndividualRecombiner_ImprovementMeasure,2,EvoGeneratorWrapper,34,27,21,1,EvolutionaryStrategy,15,500,100,500,CaseBasedInitiator,RouletteWheelSelector,OnePointCrosser,,DataDistributionMutator,0.1,0.04,0.3,0.1,0.05,0.51,FittestIndividualRecombiner,,486,34,27,1111,ImprovementMeasure,1,1,12
1,EvolutionaryStrategy,38,0.9991970658302307,1,1.8830972467495062,0.6291208791208791,0.7387367919593194,0.015576192900676904,0.499663382768631,0,1,33 > 01 > 02 > 03 > 04 > 05 > 11 > 12 > 06 > 13 > 14 > 14 > 13 > 14 > 17 > 29,33 > 01 > 02 > 03 > 04 > 05 > 06 > 05 > 07 > 09 > 08 > 10 > 11 > 12 > 06 > 13 > 14 > 13 > 14 > 13 > 25 > 24 > 14,1111,0:00:00.037997,0.037996530532836914,EGW_ES_EGW_CBI_RWS_OPC_DDM_FIR_IM,EvoGeneratorWrapper_EvolutionaryStrategy_EvoGeneratorWrapper_CaseBasedInitiator_RouletteWheelSelector_OnePointCrosser_DataDistributionMutator_FittestIndividualRecombiner_ImprovementMeasure,2,EvoGeneratorWrapper,34,27,21,1,EvolutionaryStrategy,15,500,100,500,CaseBasedInitiator,RouletteWheelSelector,OnePointCrosser,,DataDistributionMutator,0.1,0.04,0.3,0.1,0.05,0.51,FittestIndividualRecombiner,,486,34,27,1111,ImprovementMeasure,1,1,13
1,EvolutionaryStrategy,37,0.9991970658302307,1,1.8838117992266143,0.6346153846153846,0.7415129491358473,0.008020082706751308,0.499663382768631,0,1,04 > 05 > 06 > 05 > 07 > 09 > 10 > 11 > 12 > 06 > 13 > 14 > 14 > 13 > 14 > 17 > 29,33 > 01 > 02 > 03 > 04 > 05 > 06 > 05 > 07 > 09 > 08 > 10 > 11 > 12 > 06 > 13 > 14 > 13 > 14 > 13 > 25 > 24 > 14,1111,0:00:00.037997,0.037996530532836914,EGW_ES_EGW_CBI_RWS_OPC_DDM_FIR_IM,EvoGeneratorWrapper_EvolutionaryStrategy_EvoGeneratorWrapper_CaseBasedInitiator_RouletteWheelSelector_OnePointCrosser_DataDistributionMutator_FittestIndividualRecombiner_ImprovementMeasure,2,EvoGeneratorWrapper,34,27,21,1,EvolutionaryStrategy,15,500,100,500,CaseBasedInitiator,RouletteWheelSelector,OnePointCrosser,,DataDistributionMutator,0.1,0.04,0.3,0.1,0.05,0.51,FittestIndividualRecombiner,,486,34,27,1111,ImprovementMeasure,1,1,14
1,EvolutionaryStrategy,36,0.9993194341659546,1,1.8842195621465132,0.6263736263736264,0.7338941873678357,0.02422718146855819,0.4997245669364929,0,1,33 > 01 > 02 > 03 > 04 > 05 > 07 > 08 > 09 > 10 > 11 > 12 > 06 > 13 > 14 > 14 > 17 > 26 > 29,33 > 01 > 02 > 03 > 04 > 05 > 06 > 05 > 07 > 09 > 08 > 10 > 11 > 12 > 06 > 13 > 14 > 13 > 14 > 13 > 25 > 24 > 14,1111,0:00:00.037997,0.037996530532836914,EGW_ES_EGW_CBI_RWS_OPC_DDM_FIR_IM,EvoGeneratorWrapper_EvolutionaryStrategy_EvoGeneratorWrapper_CaseBasedInitiator_RouletteWheelSelector_OnePointCrosser_DataDistributionMutator_FittestIndividualRecombiner_ImprovementMeasure,2,EvoGeneratorWrapper,34,27,21,1,EvolutionaryStrategy,15,500,100,500,CaseBasedInitiator,RouletteWheelSelector,OnePointCrosser,,DataDistributionMutator,0.1,0.04,0.3,0.1,0.05,0.51,FittestIndividualRecombiner,,486,34,27,1111,ImprovementMeasure,1,1,15
1,EvolutionaryStrategy,35,0.9991970658302307,1,1.8847851539571563,0.6428571428571428,0.7362190678425883,0.006045560488794452,0.499663382768631,0,1,33 > 01 > 02 > 03 > 04 > 05 > 07 > 09 > 10 > 11 > 12 > 06 > 13 > 14 > 13 > 24 > 13 > 14 > 17 > 29,33 > 01 > 02 > 03 > 04 > 05 > 06 > 05 > 07 > 09 > 08 > 10 > 11 > 12 > 06 > 13 > 14 > 13 > 14 > 13 > 25 > 24 > 14,1111,0:00:00.037997,0.037996530532836914,EGW_ES_EGW_CBI_RWS_OPC_DDM_FIR_IM,EvoGeneratorWrapper_EvolutionaryStrategy_EvoGeneratorWrapper_CaseBasedInitiator_RouletteWheelSelector_OnePointCrosser_DataDistributionMutator_FittestIndividualRecombiner_ImprovementMeasure,2,EvoGeneratorWrapper,34,27,21,1,EvolutionaryStrategy,15,500,100,500,CaseBasedInitiator,RouletteWheelSelector,OnePointCrosser,,DataDistributionMutator,0.1,0.04,0.3,0.1,0.05,0.51,FittestIndividualRecombiner,,486,34,27,1111,ImprovementMeasure,1,1,16
1,EvolutionaryStrategy,34,0.9991970658302307,1,1.8852611445550356,0.6428571428571428,0.7411082076200219,0.0016324113092398217,0.499663382768631,0,1,33 > 33 > 01 > 02 > 03 > 04 > 05 > 07 > 09 > 10 > 11 > 12 > 06 > 13 > 13 > 14 > 14 > 13 > 14 > 17 > 29,33 > 01 > 02 > 03 > 04 > 05 > 06 > 05 > 07 > 09 > 08 > 10 > 11 > 12 > 06 > 13 > 14 > 13 > 14 > 13 > 25 > 24 > 14,1111,0:00:00.037997,0.037996530532836914,EGW_ES_EGW_CBI_RWS_OPC_DDM_FIR_IM,EvoGeneratorWrapper_EvolutionaryStrategy_EvoGeneratorWrapper_CaseBasedInitiator_RouletteWheelSelector_OnePointCrosser_DataDistributionMutator_FittestIndividualRecombiner_ImprovementMeasure,2,EvoGeneratorWrapper,34,27,21,1,EvolutionaryStrategy,15,500,100,500,CaseBasedInitiator,RouletteWheelSelector,OnePointCrosser,,DataDistributionMutator,0.1,0.04,0.3,0.1,0.05,0.51,FittestIndividualRecombiner,,486,34,27,1111,ImprovementMeasure,1,1,17
1,EvolutionaryStrategy,33,0.9992616772651672,1,1.885296447513429,0.6336996336996337,0.7429458683336603,0.00895525699403579,0.49969568848609924,0,1,33 > 01 > 00 > 33 > 01 > 02 > 03 > 04 > 05 > 07 > 08 > 09 > 10 > 11 > 12 > 06 > 13 > 14 > 13 > 14 > 17 > 26,33 > 01 > 02 > 03 > 04 > 05 > 06 > 05 > 07 > 09 > 08 > 10 > 11 > 12 > 06 > 13 > 14 > 13 > 14 > 13 > 25 > 24 > 14,1111,0:00:00.037997,0.037996530532836914,EGW_ES_EGW_CBI_RWS_OPC_DDM_FIR_IM,EvoGeneratorWrapper_EvolutionaryStrategy_EvoGeneratorWrapper_CaseBasedInitiator_RouletteWheelSelector_OnePointCrosser_DataDistributionMutator_FittestIndividualRecombiner_ImprovementMeasure,2,EvoGeneratorWrapper,34,27,21,1,EvolutionaryStrategy,15,500,100,500,CaseBasedInitiator,RouletteWheelSelector,OnePointCrosser,,DataDistributionMutator,0.1,0.04,0.3,0.1,0.05,0.51,FittestIndividualRecombiner,,486,34,27,1111,ImprovementMeasure,1,1,18
1,EvolutionaryStrategy,32,0.9992479681968689,1,1.886638076309088,0.652014652014652,0.7344506912766294,0.0004838990658564563,0.4996888339519501,0,1,33 > 00 > 33 > 33 > 01 > 02 > 03 > 04 > 05 > 07 > 09 > 10 > 11 > 12 > 06 > 13 > 14 > 13 > 24 > 14 > 14 > 13 > 27,33 > 01 > 02 > 03 > 04 > 05 > 06 > 05 > 07 > 09 > 08 > 10 > 11 > 12 > 06 > 13 > 14 > 13 > 14 > 13 > 25 > 24 > 14,1111,0:00:00.037997,0.037996530532836914,EGW_ES_EGW_CBI_RWS_OPC_DDM_FIR_IM,EvoGeneratorWrapper_EvolutionaryStrategy_EvoGeneratorWrapper_CaseBasedInitiator_RouletteWheelSelector_OnePointCrosser_DataDistributionMutator_FittestIndividualRecombiner_ImprovementMeasure,2,EvoGeneratorWrapper,34,27,21,1,EvolutionaryStrategy,15,500,100,500,CaseBasedInitiator,RouletteWheelSelector,OnePointCrosser,,DataDistributionMutator,0.1,0.04,0.3,0.1,0.05,0.51,FittestIndividualRecombiner,,486,34,27,1111,ImprovementMeasure,1,1,19
1,EvolutionaryStrategy,31,0.9993220567703247,1,1.8871348810785005,0.6318681318681318,0.7280058241296704,0.02753504684202041,0.499725878238678,0,1,33 > 01 > 02 > 03 > 04 > 05 > 07 > 09 > 10 > 11 > 12 > 06 > 13 > 14 > 13 > 24 > 14 > 17 > 26 > 29,33 > 01 > 02 > 03 > 04 > 05 > 06 > 05 > 07 > 09 > 08 > 10 > 11 > 12 > 06 > 13 > 14 > 13 > 14 > 13 > 25 > 24 > 14,1111,0:00:00.037997,0.037996530532836914,EGW_ES_EGW_CBI_RWS_OPC_DDM_FIR_IM,EvoGeneratorWrapper_EvolutionaryStrategy_EvoGeneratorWrapper_CaseBasedInitiator_RouletteWheelSelector_OnePointCrosser_DataDistributionMutator_FittestIndividualRecombiner_ImprovementMeasure,2,EvoGeneratorWrapper,34,27,21,1,EvolutionaryStrategy,15,500,100,500,CaseBasedInitiator,RouletteWheelSelector,OnePointCrosser,,DataDistributionMutator,0.1,0.04,0.3,0.1,0.05,0.51,FittestIndividualRecombiner,,486,34,27,1111,ImprovementMeasure,1,1,20
1,EvolutionaryStrategy,30,0.9991570711135864,1,1.8891021440123787,0.652014652014652,0.7354440222335219,0.0020000843538961802,0.49964338541030884,0,1,01 > 02 > 03 > 04 > 05 > 07 > 09 > 08 > 09 > 08 > 10 > 11 > 12 > 06 > 13 > 14 > 13 > 14 > 13 > 29,33 > 01 > 02 > 03 > 04 > 05 > 06 > 05 > 07 > 09 > 08 > 10 > 11 > 12 > 06 > 13 > 14 > 13 > 14 > 13 > 25 > 24 > 14,1111,0:00:00.037997,0.037996530532836914,EGW_ES_EGW_CBI_RWS_OPC_DDM_FIR_IM,EvoGeneratorWrapper_EvolutionaryStrategy_EvoGeneratorWrapper_CaseBasedInitiator_RouletteWheelSelector_OnePointCrosser_DataDistributionMutator_FittestIndividualRecombiner_ImprovementMeasure,2,EvoGeneratorWrapper,34,27,21,1,EvolutionaryStrategy,15,500,100,500,CaseBasedInitiator,RouletteWheelSelector,OnePointCrosser,,DataDistributionMutator,0.1,0.04,0.3,0.1,0.05,0.51,FittestIndividualRecombiner,,486,34,27,1111,ImprovementMeasure,1,1,21
1,EvolutionaryStrategy,29,0.9991970658302307,1,1.8897707764676968,0.6428571428571428,0.7411082076200219,0.006142043221900964,0.499663382768631,0,1,33 > 01 > 02 > 03 > 04 > 05 > 07 > 09 > 10 > 11 > 12 > 06 > 13 > 13 > 14 > 14 > 13 > 14 > 17 > 29,33 > 01 > 02 > 03 > 04 > 05 > 06 > 05 > 07 > 09 > 08 > 10 > 11 > 12 > 06 > 13 > 14 > 13 > 14 > 13 > 25 > 24 > 14,1111,0:00:00.037997,0.037996530532836914,EGW_ES_EGW_CBI_RWS_OPC_DDM_FIR_IM,EvoGeneratorWrapper_EvolutionaryStrategy_EvoGeneratorWrapper_CaseBasedInitiator_RouletteWheelSelector_OnePointCrosser_DataDistributionMutator_FittestIndividualRecombiner_ImprovementMeasure,2,EvoGeneratorWrapper,34,27,21,1,EvolutionaryStrategy,15,500,100,500,CaseBasedInitiator,RouletteWheelSelector,OnePointCrosser,,DataDistributionMutator,0.1,0.04,0.3,0.1,0.05,0.51,FittestIndividualRecombiner,,486,34,27,1111,ImprovementMeasure,1,1,22
1,EvolutionaryStrategy,28,0.9992477893829346,1,1.8900666629084826,0.6446886446886446,0.745057981503954,0.000631292170901147,0.4996887445449829,0,1,33 > 33 > 01 > 02 > 03 > 04 > 05 > 07 > 09 > 10 > 11 > 12 > 06 > 33 > 06 > 13 > 14 > 13 > 14 > 17 > 26,33 > 01 > 02 > 03 > 04 > 05 > 06 > 05 > 07 > 09 > 08 > 10 > 11 > 12 > 06 > 13 > 14 > 13 > 14 > 13 > 25 > 24 > 14,1111,0:00:00.037997,0.037996530532836914,EGW_ES_EGW_CBI_RWS_OPC_DDM_FIR_IM,EvoGeneratorWrapper_EvolutionaryStrategy_EvoGeneratorWrapper_CaseBasedInitiator_RouletteWheelSelector_OnePointCrosser_DataDistributionMutator_FittestIndividualRecombiner_ImprovementMeasure,2,EvoGeneratorWrapper,34,27,21,1,EvolutionaryStrategy,15,500,100,500,CaseBasedInitiator,RouletteWheelSelector,OnePointCrosser,,DataDistributionMutator,0.1,0.04,0.3,0.1,0.05,0.51,FittestIndividualRecombiner,,486,34,27,1111,ImprovementMeasure,1,1,23
1,EvolutionaryStrategy,27,0.9991913437843323,1,1.8919581145594715,0.6391941391941391,0.7530351121008588,6.834151879157096e-05,0.49966052174568176,0,1,04 > 00 > 06 > 05 > 07 > 09 > 10 > 11 > 12 > 06 > 13 > 00 > 14 > 13 > 14 > 17 > 26,33 > 01 > 02 > 03 > 04 > 05 > 06 > 05 > 07 > 09 > 08 > 10 > 11 > 12 > 06 > 13 > 14 > 13 > 14 > 13 > 25 > 24 > 14,1111,0:00:00.037997,0.037996530532836914,EGW_ES_EGW_CBI_RWS_OPC_DDM_FIR_IM,EvoGeneratorWrapper_EvolutionaryStrategy_EvoGeneratorWrapper_CaseBasedInitiator_RouletteWheelSelector_OnePointCrosser_DataDistributionMutator_FittestIndividualRecombiner_ImprovementMeasure,2,EvoGeneratorWrapper,34,27,21,1,EvolutionaryStrategy,15,500,100,500,CaseBasedInitiator,RouletteWheelSelector,OnePointCrosser,,DataDistributionMutator,0.1,0.04,0.3,0.1,0.05,0.51,FittestIndividualRecombiner,,486,34,27,1111,ImprovementMeasure,1,1,24
1,EvolutionaryStrategy,26,0.9992561936378479,1,1.8936677186593154,0.6538461538461539,0.736763900765697,0.003364717375025188,0.4996929466724396,0,1,33 > 01 > 02 > 03 > 04 > 05 > 00 > 08 > 09 > 10 > 11 > 12 > 06 > 13 > 14 > 13 > 14 > 17 > 26,33 > 01 > 02 > 03 > 04 > 05 > 06 > 05 > 07 > 09 > 08 > 10 > 11 > 12 > 06 > 13 > 14 > 13 > 14 > 13 > 25 > 24 > 14,1111,0:00:00.037997,0.037996530532836914,EGW_ES_EGW_CBI_RWS_OPC_DDM_FIR_IM,EvoGeneratorWrapper_EvolutionaryStrategy_EvoGeneratorWrapper_CaseBasedInitiator_RouletteWheelSelector_OnePointCrosser_DataDistributionMutator_FittestIndividualRecombiner_ImprovementMeasure,2,EvoGeneratorWrapper,34,27,21,1,EvolutionaryStrategy,15,500,100,500,CaseBasedInitiator,RouletteWheelSelector,OnePointCrosser,,DataDistributionMutator,0.1,0.04,0.3,0.1,0.05,0.51,FittestIndividualRecombiner,,486,34,27,1111,ImprovementMeasure,1,1,25
1,EvolutionaryStrategy,25,0.9991570711135864,1,1.8943747327511726,0.652014652014652,0.7354440222335219,0.007272673092690021,0.49964338541030884,0,1,33 > 01 > 02 > 03 > 04 > 05 > 07 > 09 > 08 > 09 > 08 > 10 > 11 > 12 > 06 > 13 > 14 > 13 > 14 > 13 > 29,33 > 01 > 02 > 03 > 04 > 05 > 06 > 05 > 07 > 09 > 08 > 10 > 11 > 12 > 06 > 13 > 14 > 13 > 14 > 13 > 25 > 24 > 14,1111,0:00:00.037997,0.037996530532836914,EGW_ES_EGW_CBI_RWS_OPC_DDM_FIR_IM,EvoGeneratorWrapper_EvolutionaryStrategy_EvoGeneratorWrapper_CaseBasedInitiator_RouletteWheelSelector_OnePointCrosser_DataDistributionMutator_FittestIndividualRecombiner_ImprovementMeasure,2,EvoGeneratorWrapper,34,27,21,1,EvolutionaryStrategy,15,500,100,500,CaseBasedInitiator,RouletteWheelSelector,OnePointCrosser,,DataDistributionMutator,0.1,0.04,0.3,0.1,0.05,0.51,FittestIndividualRecombiner,,486,34,27,1111,ImprovementMeasure,1,1,26
1,EvolutionaryStrategy,24,0.9991570711135864,1,1.8948796371351548,0.6483516483516483,0.7467997119602218,8.489141297609634e-05,0.49964338541030884,0,1,33 > 01 > 23 > 03 > 04 > 05 > 06 > 00 > 11 > 12 > 06 > 13 > 14 > 13 > 14 > 13 > 29,33 > 01 > 02 > 03 > 04 > 05 > 06 > 05 > 07 > 09 > 08 > 10 > 11 > 12 > 06 > 13 > 14 > 13 > 14 > 13 > 25 > 24 > 14,1111,0:00:00.037997,0.037996530532836914,EGW_ES_EGW_CBI_RWS_OPC_DDM_FIR_IM,EvoGeneratorWrapper_EvolutionaryStrategy_EvoGeneratorWrapper_CaseBasedInitiator_RouletteWheelSelector_OnePointCrosser_DataDistributionMutator_FittestIndividualRecombiner_ImprovementMeasure,2,EvoGeneratorWrapper,34,27,21,1,EvolutionaryStrategy,15,500,100,500,CaseBasedInitiator,RouletteWheelSelector,OnePointCrosser,,DataDistributionMutator,0.1,0.04,0.3,0.1,0.05,0.51,FittestIndividualRecombiner,,486,34,27,1111,ImprovementMeasure,1,1,27
1,EvolutionaryStrategy,23,0.9991970658302307,1,1.89529991928076,0.6510989010989011,0.7440591653265826,0.0004784700866453999,0.499663382768631,0,1,33 > 00 > 33 > 33 > 01 > 02 > 03 > 04 > 05 > 05 > 07 > 09 > 10 > 11 > 12 > 06 > 13 > 14 > 14 > 13 > 14 > 17 > 29,33 > 01 > 02 > 03 > 04 > 05 > 06 > 05 > 07 > 09 > 08 > 10 > 11 > 12 > 06 > 13 > 14 > 13 > 14 > 13 > 25 > 24 > 14,1111,0:00:00.037997,0.037996530532836914,EGW_ES_EGW_CBI_RWS_OPC_DDM_FIR_IM,EvoGeneratorWrapper_EvolutionaryStrategy_EvoGeneratorWrapper_CaseBasedInitiator_RouletteWheelSelector_OnePointCrosser_DataDistributionMutator_FittestIndividualRecombiner_ImprovementMeasure,2,EvoGeneratorWrapper,34,27,21,1,EvolutionaryStrategy,15,500,100,500,CaseBasedInitiator,RouletteWheelSelector,OnePointCrosser,,DataDistributionMutator,0.1,0.04,0.3,0.1,0.05,0.51,FittestIndividualRecombiner,,486,34,27,1111,ImprovementMeasure,1,1,28
1,EvolutionaryStrategy,22,0.999194324016571,1,1.8954683473597034,0.6446886446886446,0.7510658510334134,5.183977584421157e-05,0.49966201186180115,0,1,33 > 02 > 04 > 05 > 07 > 09 > 10 > 00 > 00 > 12 > 06 > 13 > 25 > 14 > 13 > 14 > 13 > 29,33 > 01 > 02 > 03 > 04 > 05 > 06 > 05 > 07 > 09 > 08 > 10 > 11 > 12 > 06 > 13 > 14 > 13 > 14 > 13 > 25 > 24 > 14,1111,0:00:00.037997,0.037996530532836914,EGW_ES_EGW_CBI_RWS_OPC_DDM_FIR_IM,EvoGeneratorWrapper_EvolutionaryStrategy_EvoGeneratorWrapper_CaseBasedInitiator_RouletteWheelSelector_OnePointCrosser_DataDistributionMutator_FittestIndividualRecombiner_ImprovementMeasure,2,EvoGeneratorWrapper,34,27,21,1,EvolutionaryStrategy,15,500,100,500,CaseBasedInitiator,RouletteWheelSelector,OnePointCrosser,,DataDistributionMutator,0.1,0.04,0.3,0.1,0.05,0.51,FittestIndividualRecombiner,,486,34,27,1111,ImprovementMeasure,1,1,29
1,EvolutionaryStrategy,21,0.9993261098861694,1,1.8964944607038643,0.6327838827838828,0.7306805235732328,0.03330214955014838,0.49972790479660034,0,1,33 > 01 > 02 > 03 > 04 > 05 > 07 > 09 > 10 > 11 > 12 > 06 > 13 > 14 > 13 > 14 > 17 > 29 > 28 > 29,33 > 01 > 02 > 03 > 04 > 05 > 06 > 05 > 07 > 09 > 08 > 10 > 11 > 12 > 06 > 13 > 14 > 13 > 14 > 13 > 25 > 24 > 14,1111,0:00:00.037997,0.037996530532836914,EGW_ES_EGW_CBI_RWS_OPC_DDM_FIR_IM,EvoGeneratorWrapper_EvolutionaryStrategy_EvoGeneratorWrapper_CaseBasedInitiator_RouletteWheelSelector_OnePointCrosser_DataDistributionMutator_FittestIndividualRecombiner_ImprovementMeasure,2,EvoGeneratorWrapper,34,27,21,1,EvolutionaryStrategy,15,500,100,500,CaseBasedInitiator,RouletteWheelSelector,OnePointCrosser,,DataDistributionMutator,0.1,0.04,0.3,0.1,0.05,0.51,FittestIndividualRecombiner,,486,34,27,1111,ImprovementMeasure,1,1,30
1,EvolutionaryStrategy,20,0.9992656111717224,1,1.8967221275611543,0.6437728937728937,0.7526993861828692,0.0005521921660146068,0.49969765543937683,0,1,33 > 00 > 33 > 33 > 01 > 02 > 03 > 04 > 05 > 05 > 07 > 09 > 10 > 11 > 12 > 06 > 13 > 14 > 14 > 13 > 14 > 17 > 27,33 > 01 > 02 > 03 > 04 > 05 > 06 > 05 > 07 > 09 > 08 > 10 > 11 > 12 > 06 > 13 > 14 > 13 > 14 > 13 > 25 > 24 > 14,1111,0:00:00.037997,0.037996530532836914,EGW_ES_EGW_CBI_RWS_OPC_DDM_FIR_IM,EvoGeneratorWrapper_EvolutionaryStrategy_EvoGeneratorWrapper_CaseBasedInitiator_RouletteWheelSelector_OnePointCrosser_DataDistributionMutator_FittestIndividualRecombiner_ImprovementMeasure,2,EvoGeneratorWrapper,34,27,21,1,EvolutionaryStrategy,15,500,100,500,CaseBasedInitiator,RouletteWheelSelector,OnePointCrosser,,DataDistributionMutator,0.1,0.04,0.3,0.1,0.05,0.51,FittestIndividualRecombiner,,486,34,27,1111,ImprovementMeasure,1,1,31
1,EvolutionaryStrategy,19,0.9992561936378479,1,1.8974894626753105,0.6510989010989011,0.7361330734721518,0.010564541431817821,0.4996929466724396,0,1,33 > 02 > 03 > 04 > 05 > 07 > 08 > 09 > 10 > 11 > 12 > 06 > 13 > 14 > 13 > 14 > 17 > 26,33 > 01 > 02 > 03 > 04 > 05 > 06 > 05 > 07 > 09 > 08 > 10 > 11 > 12 > 06 > 13 > 14 > 13 > 14 > 13 > 25 > 24 > 14,1111,0:00:00.037997,0.037996530532836914,EGW_ES_EGW_CBI_RWS_OPC_DDM_FIR_IM,EvoGeneratorWrapper_EvolutionaryStrategy_EvoGeneratorWrapper_CaseBasedInitiator_RouletteWheelSelector_OnePointCrosser_DataDistributionMutator_FittestIndividualRecombiner_ImprovementMeasure,2,EvoGeneratorWrapper,34,27,21,1,EvolutionaryStrategy,15,500,100,500,CaseBasedInitiator,RouletteWheelSelector,OnePointCrosser,,DataDistributionMutator,0.1,0.04,0.3,0.1,0.05,0.51,FittestIndividualRecombiner,,486,34,27,1111,ImprovementMeasure,1,1,32
1,EvolutionaryStrategy,18,0.9993253946304321,1,1.8979936670347122,0.6510989010989011,0.7466977115228441,0.0004695072442351606,0.4997275471687317,0,1,33 > 00 > 33 > 33 > 01 > 02 > 03 > 04 > 05 > 07 > 09 > 10 > 11 > 12 > 06 > 13 > 14 > 14 > 13 > 25 > 29 > 26 > 27,33 > 01 > 02 > 03 > 04 > 05 > 06 > 05 > 07 > 09 > 08 > 10 > 11 > 12 > 06 > 13 > 14 > 13 > 14 > 13 > 25 > 24 > 14,1111,0:00:00.037997,0.037996530532836914,EGW_ES_EGW_CBI_RWS_OPC_DDM_FIR_IM,EvoGeneratorWrapper_EvolutionaryStrategy_EvoGeneratorWrapper_CaseBasedInitiator_RouletteWheelSelector_OnePointCrosser_DataDistributionMutator_FittestIndividualRecombiner_ImprovementMeasure,2,EvoGeneratorWrapper,34,27,21,1,EvolutionaryStrategy,15,500,100,500,CaseBasedInitiator,RouletteWheelSelector,OnePointCrosser,,DataDistributionMutator,0.1,0.04,0.3,0.1,0.05,0.51,FittestIndividualRecombiner,,486,34,27,1111,ImprovementMeasure,1,1,33
1,EvolutionaryStrategy,17,0.9993253946304321,1,1.8993702005686737,0.6510989010989011,0.7466977115228441,0.0018460407781965087,0.4997275471687317,0,1,33 > 33 > 01 > 02 > 03 > 04 > 05 > 07 > 09 > 10 > 11 > 12 > 06 > 13 > 14 > 14 > 13 > 25 > 29 > 26 > 27,33 > 01 > 02 > 03 > 04 > 05 > 06 > 05 > 07 > 09 > 08 > 10 > 11 > 12 > 06 > 13 > 14 > 13 > 14 > 13 > 25 > 24 > 14,1111,0:00:00.037997,0.037996530532836914,EGW_ES_EGW_CBI_RWS_OPC_DDM_FIR_IM,EvoGeneratorWrapper_EvolutionaryStrategy_EvoGeneratorWrapper_CaseBasedInitiator_RouletteWheelSelector_OnePointCrosser_DataDistributionMutator_FittestIndividualRecombiner_ImprovementMeasure,2,EvoGeneratorWrapper,34,27,21,1,EvolutionaryStrategy,15,500,100,500,CaseBasedInitiator,RouletteWheelSelector,OnePointCrosser,,DataDistributionMutator,0.1,0.04,0.3,0.1,0.05,0.51,FittestIndividualRecombiner,,486,34,27,1111,ImprovementMeasure,1,1,34
1,EvolutionaryStrategy,16,0.9991970658302307,1,1.900130931546063,0.6510989010989011,0.7493534785918827,1.5169086648333013e-05,0.499663382768631,0,1,33 > 01 > 02 > 21 > 00 > 03 > 04 > 05 > 06 > 05 > 07 > 09 > 00 > 11 > 12 > 06 > 13 > 00 > 14 > 13 > 14 > 17 > 29,33 > 01 > 02 > 03 > 04 > 05 > 06 > 05 > 07 > 09 > 08 > 10 > 11 > 12 > 06 > 13 > 14 > 13 > 14 > 13 > 25 > 24 > 14,1111,0:00:00.037997,0.037996530532836914,EGW_ES_EGW_CBI_RWS_OPC_DDM_FIR_IM,EvoGeneratorWrapper_EvolutionaryStrategy_EvoGeneratorWrapper_CaseBasedInitiator_RouletteWheelSelector_OnePointCrosser_DataDistributionMutator_FittestIndividualRecombiner_ImprovementMeasure,2,EvoGeneratorWrapper,34,27,21,1,EvolutionaryStrategy,15,500,100,500,CaseBasedInitiator,RouletteWheelSelector,OnePointCrosser,,DataDistributionMutator,0.1,0.04,0.3,0.1,0.05,0.51,FittestIndividualRecombiner,,486,34,27,1111,ImprovementMeasure,1,1,35
1,EvolutionaryStrategy,15,0.9991580247879028,1,1.9030467485727534,0.6510989010989011,0.7473177409774203,0.004986244248964668,0.49964386224746704,0,1,33 > 01 > 02 > 03 > 04 > 05 > 07 > 08 > 10 > 11 > 12 > 14 > 13 > 17 > 25 > 29,33 > 01 > 02 > 03 > 04 > 05 > 06 > 05 > 07 > 09 > 08 > 10 > 11 > 12 > 06 > 13 > 14 > 13 > 14 > 13 > 25 > 24 > 14,1111,0:00:00.037997,0.037996530532836914,EGW_ES_EGW_CBI_RWS_OPC_DDM_FIR_IM,EvoGeneratorWrapper_EvolutionaryStrategy_EvoGeneratorWrapper_CaseBasedInitiator_RouletteWheelSelector_OnePointCrosser_DataDistributionMutator_FittestIndividualRecombiner_ImprovementMeasure,2,EvoGeneratorWrapper,34,27,21,1,EvolutionaryStrategy,15,500,100,500,CaseBasedInitiator,RouletteWheelSelector,OnePointCrosser,,DataDistributionMutator,0.1,0.04,0.3,0.1,0.05,0.51,FittestIndividualRecombiner,,486,34,27,1111,ImprovementMeasure,1,1,36
1,EvolutionaryStrategy,14,0.9991570711135864,1,1.9043932521664482,0.6565934065934066,0.7477655205792435,0.0003909395834892907,0.49964338541030884,0,1,22 > 00 > 00 > 00 > 00 > 00 > 33 > 01 > 02 > 03 > 04 > 05 > 07 > 08 > 09 > 10 > 11 > 12 > 06 > 13 > 14 > 13 > 14 > 13 > 29,33 > 01 > 02 > 03 > 04 > 05 > 06 > 05 > 07 > 09 > 08 > 10 > 11 > 12 > 06 > 13 > 14 > 13 > 14 > 13 > 25 > 24 > 14,1111,0:00:00.037997,0.037996530532836914,EGW_ES_EGW_CBI_RWS_OPC_DDM_FIR_IM,EvoGeneratorWrapper_EvolutionaryStrategy_EvoGeneratorWrapper_CaseBasedInitiator_RouletteWheelSelector_OnePointCrosser_DataDistributionMutator_FittestIndividualRecombiner_ImprovementMeasure,2,EvoGeneratorWrapper,34,27,21,1,EvolutionaryStrategy,15,500,100,500,CaseBasedInitiator,RouletteWheelSelector,OnePointCrosser,,DataDistributionMutator,0.1,0.04,0.3,0.1,0.05,0.51,FittestIndividualRecombiner,,486,34,27,1111,ImprovementMeasure,1,1,37
1,EvolutionaryStrategy,12,0.999249279499054,1,1.9045325088255578,0.6529304029304029,0.7517615339404446,0.00015108235166746468,0.4996894896030426,0,1,33 > 33 > 01 > 02 > 03 > 04 > 05 > 07 > 09 > 10 > 10 > 11 > 12 > 06 > 13 > 14 > 14 > 13 > 25 > 13 > 27,33 > 01 > 02 > 03 > 04 > 05 > 06 > 05 > 07 > 09 > 08 > 10 > 11 > 12 > 06 > 13 > 14 > 13 > 14 > 13 > 25 > 24 > 14,1111,0:00:00.037997,0.037996530532836914,EGW_ES_EGW_CBI_RWS_OPC_DDM_FIR_IM,EvoGeneratorWrapper_EvolutionaryStrategy_EvoGeneratorWrapper_CaseBasedInitiator_RouletteWheelSelector_OnePointCrosser_DataDistributionMutator_FittestIndividualRecombiner_ImprovementMeasure,2,EvoGeneratorWrapper,34,27,21,1,EvolutionaryStrategy,15,500,100,500,CaseBasedInitiator,RouletteWheelSelector,OnePointCrosser,,DataDistributionMutator,0.1,0.04,0.3,0.1,0.05,0.51,FittestIndividualRecombiner,,486,34,27,1111,ImprovementMeasure,1,1,38
1,EvolutionaryStrategy,13,0.9989389777183533,1,1.9046003257447965,0.6575091575091575,0.7473359106575512,0.00022091886539572035,0.49953433871269226,0,1,33 > 01 > 02 > 03 > 04 > 05 > 07 > 09 > 10 > 10 > 11 > 12 > 06 > 13 > 14 > 13 > 00 > 14 > 26,33 > 01 > 02 > 03 > 04 > 05 > 06 > 05 > 07 > 09 > 08 > 10 > 11 > 12 > 06 > 13 > 14 > 13 > 14 > 13 > 25 > 24 > 14,1111,0:00:00.037997,0.037996530532836914,EGW_ES_EGW_CBI_RWS_OPC_DDM_FIR_IM,EvoGeneratorWrapper_EvolutionaryStrategy_EvoGeneratorWrapper_CaseBasedInitiator_RouletteWheelSelector_OnePointCrosser_DataDistributionMutator_FittestIndividualRecombiner_ImprovementMeasure,2,EvoGeneratorWrapper,34,27,21,1,EvolutionaryStrategy,15,500,100,500,CaseBasedInitiator,RouletteWheelSelector,OnePointCrosser,,DataDistributionMutator,0.1,0.04,0.3,0.1,0.05,0.51,FittestIndividualRecombiner,,486,34,27,1111,ImprovementMeasure,1,1,39
1,EvolutionaryStrategy,11,0.9992656111717224,1,1.9060938096929836,0.6382783882783882,0.7572456789805063,0.010872086994712362,0.49969765543937683,0,1,33 > 00 > 33 > 01 > 02 > 03 > 04 > 05 > 07 > 09 > 10 > 11 > 12 > 06 > 13 > 14 > 14 > 13 > 14 > 17 > 27,33 > 01 > 02 > 03 > 04 > 05 > 06 > 05 > 07 > 09 > 08 > 10 > 11 > 12 > 06 > 13 > 14 > 13 > 14 > 13 > 25 > 24 > 14,1111,0:00:00.037997,0.037996530532836914,EGW_ES_EGW_CBI_RWS_OPC_DDM_FIR_IM,EvoGeneratorWrapper_EvolutionaryStrategy_EvoGeneratorWrapper_CaseBasedInitiator_RouletteWheelSelector_OnePointCrosser_DataDistributionMutator_FittestIndividualRecombiner_ImprovementMeasure,2,EvoGeneratorWrapper,34,27,21,1,EvolutionaryStrategy,15,500,100,500,CaseBasedInitiator,RouletteWheelSelector,OnePointCrosser,,DataDistributionMutator,0.1,0.04,0.3,0.1,0.05,0.51,FittestIndividualRecombiner,,486,34,27,1111,ImprovementMeasure,1,1,40
1,EvolutionaryStrategy,10,0.9991570711135864,1,1.9135248625554209,0.6620879120879121,0.7515515830463556,0.00024198201084436858,0.49964338541030884,0,1,33 > 00 > 33 > 00 > 00 > 33 > 01 > 02 > 03 > 04 > 08 > 09 > 08 > 10 > 11 > 12 > 06 > 13 > 14 > 13 > 14 > 13 > 29,33 > 01 > 02 > 03 > 04 > 05 > 06 > 05 > 07 > 09 > 08 > 10 > 11 > 12 > 06 > 13 > 14 > 13 > 14 > 13 > 25 > 24 > 14,1111,0:00:00.037997,0.037996530532836914,EGW_ES_EGW_CBI_RWS_OPC_DDM_FIR_IM,EvoGeneratorWrapper_EvolutionaryStrategy_EvoGeneratorWrapper_CaseBasedInitiator_RouletteWheelSelector_OnePointCrosser_DataDistributionMutator_FittestIndividualRecombiner_ImprovementMeasure,2,EvoGeneratorWrapper,34,27,21,1,EvolutionaryStrategy,15,500,100,500,CaseBasedInitiator,RouletteWheelSelector,OnePointCrosser,,DataDistributionMutator,0.1,0.04,0.3,0.1,0.05,0.51,FittestIndividualRecombiner,,486,34,27,1111,ImprovementMeasure,1,1,41
1,EvolutionaryStrategy,9,0.9991820454597473,1,1.9175190045434165,0.6428571428571428,0.7559998409282158,0.01900614817466869,0.4996558725833893,0,1,33 > 01 > 02 > 03 > 04 > 05 > 07 > 08 > 10 > 11 > 13 > 14 > 13 > 14 > 17 > 26,33 > 01 > 02 > 03 > 04 > 05 > 06 > 05 > 07 > 09 > 08 > 10 > 11 > 12 > 06 > 13 > 14 > 13 > 14 > 13 > 25 > 24 > 14,1111,0:00:00.037997,0.037996530532836914,EGW_ES_EGW_CBI_RWS_OPC_DDM_FIR_IM,EvoGeneratorWrapper_EvolutionaryStrategy_EvoGeneratorWrapper_CaseBasedInitiator_RouletteWheelSelector_OnePointCrosser_DataDistributionMutator_FittestIndividualRecombiner_ImprovementMeasure,2,EvoGeneratorWrapper,34,27,21,1,EvolutionaryStrategy,15,500,100,500,CaseBasedInitiator,RouletteWheelSelector,OnePointCrosser,,DataDistributionMutator,0.1,0.04,0.3,0.1,0.05,0.51,FittestIndividualRecombiner,,486,34,27,1111,ImprovementMeasure,1,1,42
1,EvolutionaryStrategy,8,0.9992615580558777,1,1.9233891933720568,0.6575091575091575,0.7407249333671576,0.025459473614287315,0.49969562888145447,0,1,33 > 01 > 02 > 03 > 04 > 05 > 07 > 09 > 08 > 10 > 11 > 12 > 06 > 13 > 14 > 13 > 14 > 13 > 14 > 17 > 26,33 > 01 > 02 > 03 > 04 > 05 > 06 > 05 > 07 > 09 > 08 > 10 > 11 > 12 > 06 > 13 > 14 > 13 > 14 > 13 > 25 > 24 > 14,1111,0:00:00.037997,0.037996530532836914,EGW_ES_EGW_CBI_RWS_OPC_DDM_FIR_IM,EvoGeneratorWrapper_EvolutionaryStrategy_EvoGeneratorWrapper_CaseBasedInitiator_RouletteWheelSelector_OnePointCrosser_DataDistributionMutator_FittestIndividualRecombiner_ImprovementMeasure,2,EvoGeneratorWrapper,34,27,21,1,EvolutionaryStrategy,15,500,100,500,CaseBasedInitiator,RouletteWheelSelector,OnePointCrosser,,DataDistributionMutator,0.1,0.04,0.3,0.1,0.05,0.51,FittestIndividualRecombiner,,486,34,27,1111,ImprovementMeasure,1,1,43
1,EvolutionaryStrategy,7,0.9992561936378479,1,1.9361327821204666,0.6584249084249084,0.7382402459946731,0.039774681028445336,0.4996929466724396,0,1,33 > 01 > 02 > 03 > 04 > 05 > 07 > 08 > 09 > 10 > 11 > 12 > 06 > 13 > 14 > 13 > 14 > 17 > 26,33 > 01 > 02 > 03 > 04 > 05 > 06 > 05 > 07 > 09 > 08 > 10 > 11 > 12 > 06 > 13 > 14 > 13 > 14 > 13 > 25 > 24 > 14,1111,0:00:00.037997,0.037996530532836914,EGW_ES_EGW_CBI_RWS_OPC_DDM_FIR_IM,EvoGeneratorWrapper_EvolutionaryStrategy_EvoGeneratorWrapper_CaseBasedInitiator_RouletteWheelSelector_OnePointCrosser_DataDistributionMutator_FittestIndividualRecombiner_ImprovementMeasure,2,EvoGeneratorWrapper,34,27,21,1,EvolutionaryStrategy,15,500,100,500,CaseBasedInitiator,RouletteWheelSelector,OnePointCrosser,,DataDistributionMutator,0.1,0.04,0.3,0.1,0.05,0.51,FittestIndividualRecombiner,,486,34,27,1111,ImprovementMeasure,1,1,44
1,EvolutionaryStrategy,6,0.9992616772651672,1,1.9405773600809781,0.6529304029304029,0.7529250942410535,0.035026174423422686,0.49969568848609924,0,1,33 > 01 > 02 > 03 > 04 > 05 > 07 > 08 > 09 > 10 > 11 > 12 > 06 > 13 > 14 > 13 > 14 > 17 > 26,33 > 01 > 02 > 03 > 04 > 05 > 06 > 05 > 07 > 09 > 08 > 10 > 11 > 12 > 06 > 13 > 14 > 13 > 14 > 13 > 25 > 24 > 14,1111,0:00:00.037997,0.037996530532836914,EGW_ES_EGW_CBI_RWS_OPC_DDM_FIR_IM,EvoGeneratorWrapper_EvolutionaryStrategy_EvoGeneratorWrapper_CaseBasedInitiator_RouletteWheelSelector_OnePointCrosser_DataDistributionMutator_FittestIndividualRecombiner_ImprovementMeasure,2,EvoGeneratorWrapper,34,27,21,1,EvolutionaryStrategy,15,500,100,500,CaseBasedInitiator,RouletteWheelSelector,OnePointCrosser,,DataDistributionMutator,0.1,0.04,0.3,0.1,0.05,0.51,FittestIndividualRecombiner,,486,34,27,1111,ImprovementMeasure,1,1,45
1,EvolutionaryStrategy,5,0.9992616772651672,1,1.9405773600809781,0.6529304029304029,0.7529250942410535,0.035026174423422686,0.49969568848609924,0,1,33 > 01 > 02 > 03 > 04 > 05 > 07 > 08 > 09 > 10 > 11 > 12 > 06 > 13 > 14 > 13 > 14 > 17 > 26,33 > 01 > 02 > 03 > 04 > 05 > 06 > 05 > 07 > 09 > 08 > 10 > 11 > 12 > 06 > 13 > 14 > 13 > 14 > 13 > 25 > 24 > 14,1111,0:00:00.037997,0.037996530532836914,EGW_ES_EGW_CBI_RWS_OPC_DDM_FIR_IM,EvoGeneratorWrapper_EvolutionaryStrategy_EvoGeneratorWrapper_CaseBasedInitiator_RouletteWheelSelector_OnePointCrosser_DataDistributionMutator_FittestIndividualRecombiner_ImprovementMeasure,2,EvoGeneratorWrapper,34,27,21,1,EvolutionaryStrategy,15,500,100,500,CaseBasedInitiator,RouletteWheelSelector,OnePointCrosser,,DataDistributionMutator,0.1,0.04,0.3,0.1,0.05,0.51,FittestIndividualRecombiner,,486,34,27,1111,ImprovementMeasure,1,1,46
1,EvolutionaryStrategy,4,0.9992616772651672,1,1.9405773600809781,0.6529304029304029,0.7529250942410535,0.035026174423422686,0.49969568848609924,0,1,33 > 01 > 02 > 03 > 04 > 05 > 07 > 08 > 09 > 10 > 11 > 12 > 06 > 13 > 14 > 13 > 14 > 17 > 26,33 > 01 > 02 > 03 > 04 > 05 > 06 > 05 > 07 > 09 > 08 > 10 > 11 > 12 > 06 > 13 > 14 > 13 > 14 > 13 > 25 > 24 > 14,1111,0:00:00.037997,0.037996530532836914,EGW_ES_EGW_CBI_RWS_OPC_DDM_FIR_IM,EvoGeneratorWrapper_EvolutionaryStrategy_EvoGeneratorWrapper_CaseBasedInitiator_RouletteWheelSelector_OnePointCrosser_DataDistributionMutator_FittestIndividualRecombiner_ImprovementMeasure,2,EvoGeneratorWrapper,34,27,21,1,EvolutionaryStrategy,15,500,100,500,CaseBasedInitiator,RouletteWheelSelector,OnePointCrosser,,DataDistributionMutator,0.1,0.04,0.3,0.1,0.05,0.51,FittestIndividualRecombiner,,486,34,27,1111,ImprovementMeasure,1,1,47
1,EvolutionaryStrategy,3,0.9992616772651672,1,1.9405773600809781,0.6529304029304029,0.7529250942410535,0.035026174423422686,0.49969568848609924,0,1,33 > 01 > 02 > 03 > 04 > 05 > 07 > 08 > 09 > 10 > 11 > 12 > 06 > 13 > 14 > 13 > 14 > 17 > 26,33 > 01 > 02 > 03 > 04 > 05 > 06 > 05 > 07 > 09 > 08 > 10 > 11 > 12 > 06 > 13 > 14 > 13 > 14 > 13 > 25 > 24 > 14,1111,0:00:00.037997,0.037996530532836914,EGW_ES_EGW_CBI_RWS_OPC_DDM_FIR_IM,EvoGeneratorWrapper_EvolutionaryStrategy_EvoGeneratorWrapper_CaseBasedInitiator_RouletteWheelSelector_OnePointCrosser_DataDistributionMutator_FittestIndividualRecombiner_ImprovementMeasure,2,EvoGeneratorWrapper,34,27,21,1,EvolutionaryStrategy,15,500,100,500,CaseBasedInitiator,RouletteWheelSelector,OnePointCrosser,,DataDistributionMutator,0.1,0.04,0.3,0.1,0.05,0.51,FittestIndividualRecombiner,,486,34,27,1111,ImprovementMeasure,1,1,48
1,EvolutionaryStrategy,2,0.9992616772651672,1,1.9418249009912678,0.6547619047619048,0.7486261984395636,0.03874110930370021,0.49969568848609924,0,1,33 > 01 > 02 > 03 > 04 > 05 > 07 > 08 > 09 > 10 > 11 > 12 > 06 > 13 > 14 > 13 > 14 > 17 > 26,33 > 01 > 02 > 03 > 04 > 05 > 06 > 05 > 07 > 09 > 08 > 10 > 11 > 12 > 06 > 13 > 14 > 13 > 14 > 13 > 25 > 24 > 14,1111,0:00:00.037997,0.037996530532836914,EGW_ES_EGW_CBI_RWS_OPC_DDM_FIR_IM,EvoGeneratorWrapper_EvolutionaryStrategy_EvoGeneratorWrapper_CaseBasedInitiator_RouletteWheelSelector_OnePointCrosser_DataDistributionMutator_FittestIndividualRecombiner_ImprovementMeasure,2,EvoGeneratorWrapper,34,27,21,1,EvolutionaryStrategy,15,500,100,500,CaseBasedInitiator,RouletteWheelSelector,OnePointCrosser,,DataDistributionMutator,0.1,0.04,0.3,0.1,0.05,0.51,FittestIndividualRecombiner,,486,34,27,1111,ImprovementMeasure,1,1,49
1,EvolutionaryStrategy,1,0.9991570711135864,1,1.9509680813020034,0.6868131868131868,0.7644553021214163,5.620695709137504e-05,0.49964338541030884,0,1,33 > 00 > 33 > 33 > 01 > 02 > 03 > 04 > 05 > 07 > 09 > 10 > 00 > 00 > 11 > 12 > 06 > 13 > 14 > 13 > 14 > 13 > 29,33 > 01 > 02 > 03 > 04 > 05 > 06 > 05 > 07 > 09 > 08 > 10 > 11 > 12 > 06 > 13 > 14 > 13 > 14 > 13 > 25 > 24 > 14,1111,0:00:00.037997,0.037996530532836914,EGW_ES_EGW_CBI_RWS_OPC_DDM_FIR_IM,EvoGeneratorWrapper_EvolutionaryStrategy_EvoGeneratorWrapper_CaseBasedInitiator_RouletteWheelSelector_OnePointCrosser_DataDistributionMutator_FittestIndividualRecombiner_ImprovementMeasure,2,EvoGeneratorWrapper,34,27,21,1,EvolutionaryStrategy,15,500,100,500,CaseBasedInitiator,RouletteWheelSelector,OnePointCrosser,,DataDistributionMutator,0.1,0.04,0.3,0.1,0.05,0.51,FittestIndividualRecombiner,,486,34,27,1111,ImprovementMeasure,1,1,50
