experiment,model_name,rank,likelihood,viability,sparcity,similarity,feasibility,delta,cf_num_zeros,result_outcome,source_outcome,target_outcome,cf,fa,run.mask,run.duration,run.duration_sec,run.short_name,run.full_name,run.no,wrapper.type,gen.vocab_len,gen.max_len,gen.feature_len,gen.ft_mode,gen.model,viab.data_distribution,viab.vocab_len,viab.max_len,viab.measure_mask,viab.type,instance.no,iteration.no,row.no
1,CaseBasedGenerator,50,0.9998376369476318,2.7839410011092935,0.6152745995423341,0.817188108452501,0.35183371561125387,0.9996445775032043,57,1,0,1,37 > 01 > 02 > 03 > 04 > 05 > 12 > 05 > 06 > 08 > 07 > 09 > 10 > 11 > 12 > 13 > 23 > 33 > 14 > 38,37 > 01 > 02 > 03 > 04 > 05 > 06 > 07 > 08 > 09 > 10 > 11 > 12 > 13 > 14 > 13 > 14 > 13 > 15 > 16 > 14 > 17 > 27 > 22 > 28 > 29 > 28 > 29 > 28 > 29 > 28 > 29 > 28 > 16 > 29 > 17 > 27 > 22 > 28 > 29 > 28 > 29 > 28 > 29 > 28 > 29 > 28 > 16 > 29 > 17 > 22 > 17 > 22 > 17 > 20 > 19 > 21 > 18 > 22 > 38,1111,0:00:00.012000,0.011999845504760742,CBGW_CBG_CBGW_IM,CaseBasedGeneratorWrapper_CaseBasedGenerator_CaseBasedGeneratorWrapper_ImprovementMeasure,1,CaseBasedGeneratorWrapper,39,77,23,1,CaseBasedGenerator,2508,39,77,1111,ImprovementMeasure,1,1,1
1,CaseBasedGenerator,49,0.9997796416282654,2.785000898817124,0.6578947368421053,0.8292912838766412,0.29820898400963214,0.9996058940887451,53,1,0,1,37 > 01 > 02 > 03 > 04 > 05 > 06 > 08 > 07 > 09 > 10 > 11 > 12 > 13 > 14 > 13 > 15 > 16 > 14 > 17 > 26 > 25 > 22 > 38,37 > 01 > 02 > 03 > 04 > 05 > 06 > 07 > 08 > 09 > 10 > 11 > 12 > 13 > 14 > 13 > 14 > 13 > 15 > 16 > 14 > 17 > 27 > 22 > 28 > 29 > 28 > 29 > 28 > 29 > 28 > 29 > 28 > 16 > 29 > 17 > 27 > 22 > 28 > 29 > 28 > 29 > 28 > 29 > 28 > 29 > 28 > 16 > 29 > 17 > 22 > 17 > 22 > 17 > 20 > 19 > 21 > 18 > 22 > 38,1111,0:00:00.012000,0.011999845504760742,CBGW_CBG_CBGW_IM,CaseBasedGeneratorWrapper_CaseBasedGenerator_CaseBasedGeneratorWrapper_ImprovementMeasure,1,CaseBasedGeneratorWrapper,39,77,23,1,CaseBasedGenerator,2508,39,77,1111,ImprovementMeasure,1,1,2
1,CaseBasedGenerator,48,0.9998365640640259,2.7858918363095215,0.6324370709382151,0.8259055205919573,0.3279054421365267,0.9996438026428223,57,1,0,1,37 > 01 > 02 > 03 > 04 > 05 > 06 > 08 > 07 > 09 > 10 > 11 > 12 > 13 > 14 > 13 > 33 > 23 > 14 > 38,37 > 01 > 02 > 03 > 04 > 05 > 06 > 07 > 08 > 09 > 10 > 11 > 12 > 13 > 14 > 13 > 14 > 13 > 15 > 16 > 14 > 17 > 27 > 22 > 28 > 29 > 28 > 29 > 28 > 29 > 28 > 29 > 28 > 16 > 29 > 17 > 27 > 22 > 28 > 29 > 28 > 29 > 28 > 29 > 28 > 29 > 28 > 16 > 29 > 17 > 22 > 17 > 22 > 17 > 20 > 19 > 21 > 18 > 22 > 38,1111,0:00:00.012000,0.011999845504760742,CBGW_CBG_CBGW_IM,CaseBasedGeneratorWrapper_CaseBasedGenerator_CaseBasedGeneratorWrapper_ImprovementMeasure,1,CaseBasedGeneratorWrapper,39,77,23,1,CaseBasedGenerator,2508,39,77,1111,ImprovementMeasure,1,1,3
1,CaseBasedGenerator,47,0.9997947812080383,2.787528887837712,0.6518878718535469,0.8208036594979602,0.3152213892124926,0.9996159672737122,53,1,0,1,37 > 01 > 02 > 03 > 04 > 05 > 06 > 07 > 08 > 09 > 10 > 11 > 12 > 13 > 14 > 13 > 15 > 16 > 14 > 17 > 26 > 25 > 22 > 38,37 > 01 > 02 > 03 > 04 > 05 > 06 > 07 > 08 > 09 > 10 > 11 > 12 > 13 > 14 > 13 > 14 > 13 > 15 > 16 > 14 > 17 > 27 > 22 > 28 > 29 > 28 > 29 > 28 > 29 > 28 > 29 > 28 > 16 > 29 > 17 > 27 > 22 > 28 > 29 > 28 > 29 > 28 > 29 > 28 > 29 > 28 > 16 > 29 > 17 > 22 > 17 > 22 > 17 > 20 > 19 > 21 > 18 > 22 > 38,1111,0:00:00.012000,0.011999845504760742,CBGW_CBG_CBGW_IM,CaseBasedGeneratorWrapper_CaseBasedGenerator_CaseBasedGeneratorWrapper_ImprovementMeasure,1,CaseBasedGeneratorWrapper,39,77,23,1,CaseBasedGenerator,2508,39,77,1111,ImprovementMeasure,1,1,4
1,CaseBasedGenerator,46,0.9997877478599548,2.7930739304555448,0.6235697940503433,0.824963150531757,0.34492966776202477,0.9996113181114197,56,1,0,1,37 > 01 > 02 > 30 > 31 > 03 > 04 > 32 > 05 > 06 > 07 > 08 > 09 > 10 > 11 > 12 > 13 > 23 > 33 > 14 > 38,37 > 01 > 02 > 03 > 04 > 05 > 06 > 07 > 08 > 09 > 10 > 11 > 12 > 13 > 14 > 13 > 14 > 13 > 15 > 16 > 14 > 17 > 27 > 22 > 28 > 29 > 28 > 29 > 28 > 29 > 28 > 29 > 28 > 16 > 29 > 17 > 27 > 22 > 28 > 29 > 28 > 29 > 28 > 29 > 28 > 29 > 28 > 16 > 29 > 17 > 22 > 17 > 22 > 17 > 20 > 19 > 21 > 18 > 22 > 38,1111,0:00:00.012000,0.011999845504760742,CBGW_CBG_CBGW_IM,CaseBasedGeneratorWrapper_CaseBasedGenerator_CaseBasedGeneratorWrapper_ImprovementMeasure,1,CaseBasedGeneratorWrapper,39,77,23,1,CaseBasedGenerator,2508,39,77,1111,ImprovementMeasure,1,1,5
1,CaseBasedGenerator,45,0.9998377561569214,2.794403359699446,0.6204233409610984,0.8199567486249983,0.3543786926101454,0.9996445775032043,57,1,0,1,37 > 01 > 02 > 03 > 04 > 05 > 12 > 05 > 06 > 08 > 07 > 09 > 10 > 11 > 12 > 13 > 33 > 23 > 14 > 38,37 > 01 > 02 > 03 > 04 > 05 > 06 > 07 > 08 > 09 > 10 > 11 > 12 > 13 > 14 > 13 > 14 > 13 > 15 > 16 > 14 > 17 > 27 > 22 > 28 > 29 > 28 > 29 > 28 > 29 > 28 > 29 > 28 > 16 > 29 > 17 > 27 > 22 > 28 > 29 > 28 > 29 > 28 > 29 > 28 > 29 > 28 > 16 > 29 > 17 > 22 > 17 > 22 > 17 > 20 > 19 > 21 > 18 > 22 > 38,1111,0:00:00.012000,0.011999845504760742,CBGW_CBG_CBGW_IM,CaseBasedGeneratorWrapper_CaseBasedGenerator_CaseBasedGeneratorWrapper_ImprovementMeasure,1,CaseBasedGeneratorWrapper,39,77,23,1,CaseBasedGenerator,2508,39,77,1111,ImprovementMeasure,1,1,6
1,CaseBasedGenerator,44,0.9997832179069519,2.7981337056561775,0.6427345537757437,0.8243211090419881,0.3314697645639094,0.9996082782745361,53,1,0,1,37 > 01 > 02 > 03 > 04 > 05 > 06 > 07 > 08 > 09 > 10 > 11 > 12 > 13 > 14 > 13 > 14 > 13 > 14 > 13 > 23 > 33 > 14 > 38,37 > 01 > 02 > 03 > 04 > 05 > 06 > 07 > 08 > 09 > 10 > 11 > 12 > 13 > 14 > 13 > 14 > 13 > 15 > 16 > 14 > 17 > 27 > 22 > 28 > 29 > 28 > 29 > 28 > 29 > 28 > 29 > 28 > 16 > 29 > 17 > 27 > 22 > 28 > 29 > 28 > 29 > 28 > 29 > 28 > 29 > 28 > 16 > 29 > 17 > 22 > 17 > 22 > 17 > 20 > 19 > 21 > 18 > 22 > 38,1111,0:00:00.012000,0.011999845504760742,CBGW_CBG_CBGW_IM,CaseBasedGeneratorWrapper_CaseBasedGenerator_CaseBasedGeneratorWrapper_ImprovementMeasure,1,CaseBasedGeneratorWrapper,39,77,23,1,CaseBasedGenerator,2508,39,77,1111,ImprovementMeasure,1,1,7
1,CaseBasedGenerator,43,0.9998378753662109,2.799722011550299,0.6407322654462242,0.8202355723900036,0.33910941739693257,0.9996447563171387,57,1,0,1,37 > 01 > 02 > 03 > 04 > 05 > 06 > 07 > 08 > 09 > 10 > 11 > 12 > 13 > 14 > 13 > 23 > 33 > 14 > 38,37 > 01 > 02 > 03 > 04 > 05 > 06 > 07 > 08 > 09 > 10 > 11 > 12 > 13 > 14 > 13 > 14 > 13 > 15 > 16 > 14 > 17 > 27 > 22 > 28 > 29 > 28 > 29 > 28 > 29 > 28 > 29 > 28 > 16 > 29 > 17 > 27 > 22 > 28 > 29 > 28 > 29 > 28 > 29 > 28 > 29 > 28 > 16 > 29 > 17 > 22 > 17 > 22 > 17 > 20 > 19 > 21 > 18 > 22 > 38,1111,0:00:00.012000,0.011999845504760742,CBGW_CBG_CBGW_IM,CaseBasedGeneratorWrapper_CaseBasedGenerator_CaseBasedGeneratorWrapper_ImprovementMeasure,1,CaseBasedGeneratorWrapper,39,77,23,1,CaseBasedGenerator,2508,39,77,1111,ImprovementMeasure,1,1,8
1,CaseBasedGenerator,42,0.9998341798782349,2.8006487503820487,0.6679061784897025,0.8467446613397183,0.2863557172352147,0.9996421933174133,51,1,0,1,37 > 01 > 02 > 03 > 04 > 05 > 06 > 07 > 08 > 09 > 10 > 11 > 12 > 13 > 14 > 13 > 14 > 13 > 15 > 16 > 14 > 17 > 25 > 26 > 22 > 38,37 > 01 > 02 > 03 > 04 > 05 > 06 > 07 > 08 > 09 > 10 > 11 > 12 > 13 > 14 > 13 > 14 > 13 > 15 > 16 > 14 > 17 > 27 > 22 > 28 > 29 > 28 > 29 > 28 > 29 > 28 > 29 > 28 > 16 > 29 > 17 > 27 > 22 > 28 > 29 > 28 > 29 > 28 > 29 > 28 > 29 > 28 > 16 > 29 > 17 > 22 > 17 > 22 > 17 > 20 > 19 > 21 > 18 > 22 > 38,1111,0:00:00.012000,0.011999845504760742,CBGW_CBG_CBGW_IM,CaseBasedGeneratorWrapper_CaseBasedGenerator_CaseBasedGeneratorWrapper_ImprovementMeasure,1,CaseBasedGeneratorWrapper,39,77,23,1,CaseBasedGenerator,2508,39,77,1111,ImprovementMeasure,1,1,9
1,CaseBasedGenerator,41,0.9997901320457458,2.8007607955512146,0.6467391304347826,0.8318137439717919,0.3225950533124567,0.9996128678321838,55,1,0,1,37 > 01 > 02 > 03 > 04 > 05 > 06 > 08 > 07 > 09 > 10 > 11 > 12 > 13 > 14 > 13 > 14 > 13 > 33 > 23 > 14 > 38,37 > 01 > 02 > 03 > 04 > 05 > 06 > 07 > 08 > 09 > 10 > 11 > 12 > 13 > 14 > 13 > 14 > 13 > 15 > 16 > 14 > 17 > 27 > 22 > 28 > 29 > 28 > 29 > 28 > 29 > 28 > 29 > 28 > 16 > 29 > 17 > 27 > 22 > 28 > 29 > 28 > 29 > 28 > 29 > 28 > 29 > 28 > 16 > 29 > 17 > 22 > 17 > 22 > 17 > 20 > 19 > 21 > 18 > 22 > 38,1111,0:00:00.012000,0.011999845504760742,CBGW_CBG_CBGW_IM,CaseBasedGeneratorWrapper_CaseBasedGenerator_CaseBasedGeneratorWrapper_ImprovementMeasure,1,CaseBasedGeneratorWrapper,39,77,23,1,CaseBasedGenerator,2508,39,77,1111,ImprovementMeasure,1,1,10
1,CaseBasedGenerator,40,0.9997718930244446,2.802210304780112,0.6487414187643021,0.8283343450174983,0.3255338325136617,0.9996007084846497,55,1,0,1,37 > 01 > 02 > 03 > 04 > 05 > 06 > 07 > 08 > 09 > 10 > 11 > 12 > 13 > 15 > 16 > 14 > 17 > 25 > 26 > 22 > 38,37 > 01 > 02 > 03 > 04 > 05 > 06 > 07 > 08 > 09 > 10 > 11 > 12 > 13 > 14 > 13 > 14 > 13 > 15 > 16 > 14 > 17 > 27 > 22 > 28 > 29 > 28 > 29 > 28 > 29 > 28 > 29 > 28 > 16 > 29 > 17 > 27 > 22 > 28 > 29 > 28 > 29 > 28 > 29 > 28 > 29 > 28 > 16 > 29 > 17 > 22 > 17 > 22 > 17 > 20 > 19 > 21 > 18 > 22 > 38,1111,0:00:00.012000,0.011999845504760742,CBGW_CBG_CBGW_IM,CaseBasedGeneratorWrapper_CaseBasedGenerator_CaseBasedGeneratorWrapper_ImprovementMeasure,1,CaseBasedGeneratorWrapper,39,77,23,1,CaseBasedGenerator,2508,39,77,1111,ImprovementMeasure,1,1,11
1,CaseBasedGenerator,39,0.9998376369476318,2.8023551699248954,0.6367276887871853,0.8250320058972956,0.3409508977372101,0.9996445775032043,57,1,0,1,37 > 01 > 02 > 03 > 04 > 05 > 06 > 07 > 08 > 09 > 10 > 11 > 12 > 13 > 14 > 13 > 23 > 33 > 14 > 38,37 > 01 > 02 > 03 > 04 > 05 > 06 > 07 > 08 > 09 > 10 > 11 > 12 > 13 > 14 > 13 > 14 > 13 > 15 > 16 > 14 > 17 > 27 > 22 > 28 > 29 > 28 > 29 > 28 > 29 > 28 > 29 > 28 > 16 > 29 > 17 > 27 > 22 > 28 > 29 > 28 > 29 > 28 > 29 > 28 > 29 > 28 > 16 > 29 > 17 > 22 > 17 > 22 > 17 > 20 > 19 > 21 > 18 > 22 > 38,1111,0:00:00.012000,0.011999845504760742,CBGW_CBG_CBGW_IM,CaseBasedGeneratorWrapper_CaseBasedGenerator_CaseBasedGeneratorWrapper_ImprovementMeasure,1,CaseBasedGeneratorWrapper,39,77,23,1,CaseBasedGenerator,2508,39,77,1111,ImprovementMeasure,1,1,12
1,CaseBasedGenerator,38,0.9997913241386414,2.8028508580381155,0.6398741418764302,0.8322107136920475,0.3311523001724275,0.9996137022972107,55,1,0,1,37 > 01 > 02 > 03 > 04 > 05 > 06 > 08 > 07 > 09 > 10 > 11 > 12 > 13 > 14 > 13 > 14 > 13 > 23 > 33 > 14 > 38,37 > 01 > 02 > 03 > 04 > 05 > 06 > 07 > 08 > 09 > 10 > 11 > 12 > 13 > 14 > 13 > 14 > 13 > 15 > 16 > 14 > 17 > 27 > 22 > 28 > 29 > 28 > 29 > 28 > 29 > 28 > 29 > 28 > 16 > 29 > 17 > 27 > 22 > 28 > 29 > 28 > 29 > 28 > 29 > 28 > 29 > 28 > 16 > 29 > 17 > 22 > 17 > 22 > 17 > 20 > 19 > 21 > 18 > 22 > 38,1111,0:00:00.012000,0.011999845504760742,CBGW_CBG_CBGW_IM,CaseBasedGeneratorWrapper_CaseBasedGenerator_CaseBasedGeneratorWrapper_ImprovementMeasure,1,CaseBasedGeneratorWrapper,39,77,23,1,CaseBasedGenerator,2508,39,77,1111,ImprovementMeasure,1,1,13
1,CaseBasedGenerator,37,0.9997879862785339,2.803269052520256,0.6172768878718535,0.8249463123896728,0.36143441493802025,0.9996114373207092,57,1,0,1,37 > 01 > 02 > 03 > 04 > 05 > 12 > 05 > 06 > 07 > 08 > 09 > 10 > 11 > 12 > 13 > 33 > 23 > 14 > 38,37 > 01 > 02 > 03 > 04 > 05 > 06 > 07 > 08 > 09 > 10 > 11 > 12 > 13 > 14 > 13 > 14 > 13 > 15 > 16 > 14 > 17 > 27 > 22 > 28 > 29 > 28 > 29 > 28 > 29 > 28 > 29 > 28 > 16 > 29 > 17 > 27 > 22 > 28 > 29 > 28 > 29 > 28 > 29 > 28 > 29 > 28 > 16 > 29 > 17 > 22 > 17 > 22 > 17 > 20 > 19 > 21 > 18 > 22 > 38,1111,0:00:00.012000,0.011999845504760742,CBGW_CBG_CBGW_IM,CaseBasedGeneratorWrapper_CaseBasedGenerator_CaseBasedGeneratorWrapper_ImprovementMeasure,1,CaseBasedGeneratorWrapper,39,77,23,1,CaseBasedGenerator,2508,39,77,1111,ImprovementMeasure,1,1,14
1,CaseBasedGenerator,36,0.9997925162315369,2.805998700467799,0.6521739130434783,0.8275193973054273,0.3266909129613006,0.9996144771575928,55,1,0,1,37 > 01 > 02 > 03 > 04 > 05 > 06 > 07 > 08 > 09 > 10 > 11 > 12 > 13 > 14 > 13 > 14 > 13 > 33 > 23 > 14 > 38,37 > 01 > 02 > 03 > 04 > 05 > 06 > 07 > 08 > 09 > 10 > 11 > 12 > 13 > 14 > 13 > 14 > 13 > 15 > 16 > 14 > 17 > 27 > 22 > 28 > 29 > 28 > 29 > 28 > 29 > 28 > 29 > 28 > 16 > 29 > 17 > 27 > 22 > 28 > 29 > 28 > 29 > 28 > 29 > 28 > 29 > 28 > 16 > 29 > 17 > 22 > 17 > 22 > 17 > 20 > 19 > 21 > 18 > 22 > 38,1111,0:00:00.012000,0.011999845504760742,CBGW_CBG_CBGW_IM,CaseBasedGeneratorWrapper_CaseBasedGenerator_CaseBasedGeneratorWrapper_ImprovementMeasure,1,CaseBasedGeneratorWrapper,39,77,23,1,CaseBasedGenerator,2508,39,77,1111,ImprovementMeasure,1,1,15
1,CaseBasedGenerator,35,0.9997896552085876,2.8061485152474015,0.6281464530892449,0.8230042439677664,0.35538524838143043,0.99961256980896,57,1,0,1,37 > 01 > 02 > 03 > 04 > 05 > 12 > 05 > 06 > 07 > 08 > 09 > 10 > 11 > 12 > 13 > 26 > 25 > 14 > 38,37 > 01 > 02 > 03 > 04 > 05 > 06 > 07 > 08 > 09 > 10 > 11 > 12 > 13 > 14 > 13 > 14 > 13 > 15 > 16 > 14 > 17 > 27 > 22 > 28 > 29 > 28 > 29 > 28 > 29 > 28 > 29 > 28 > 16 > 29 > 17 > 27 > 22 > 28 > 29 > 28 > 29 > 28 > 29 > 28 > 29 > 28 > 16 > 29 > 17 > 22 > 17 > 22 > 17 > 20 > 19 > 21 > 18 > 22 > 38,1111,0:00:00.012000,0.011999845504760742,CBGW_CBG_CBGW_IM,CaseBasedGeneratorWrapper_CaseBasedGenerator_CaseBasedGeneratorWrapper_ImprovementMeasure,1,CaseBasedGeneratorWrapper,39,77,23,1,CaseBasedGenerator,2508,39,77,1111,ImprovementMeasure,1,1,16
1,CaseBasedGenerator,34,0.9998338222503662,2.8064039497410995,0.6212814645308924,0.8243383136274064,0.36114209747467685,0.9996420741081238,57,1,0,1,37 > 01 > 02 > 03 > 04 > 05 > 12 > 05 > 06 > 07 > 08 > 09 > 10 > 11 > 12 > 13 > 33 > 23 > 14 > 38,37 > 01 > 02 > 03 > 04 > 05 > 06 > 07 > 08 > 09 > 10 > 11 > 12 > 13 > 14 > 13 > 14 > 13 > 15 > 16 > 14 > 17 > 27 > 22 > 28 > 29 > 28 > 29 > 28 > 29 > 28 > 29 > 28 > 16 > 29 > 17 > 27 > 22 > 28 > 29 > 28 > 29 > 28 > 29 > 28 > 29 > 28 > 16 > 29 > 17 > 22 > 17 > 22 > 17 > 20 > 19 > 21 > 18 > 22 > 38,1111,0:00:00.012000,0.011999845504760742,CBGW_CBG_CBGW_IM,CaseBasedGeneratorWrapper_CaseBasedGenerator_CaseBasedGeneratorWrapper_ImprovementMeasure,1,CaseBasedGeneratorWrapper,39,77,23,1,CaseBasedGenerator,2508,39,77,1111,ImprovementMeasure,1,1,17
1,CaseBasedGenerator,33,0.9997796416282654,2.8091371248674433,0.6330091533180777,0.8308249814617489,0.3456970959988713,0.9996058940887451,57,1,0,1,37 > 01 > 02 > 03 > 04 > 05 > 12 > 05 > 06 > 07 > 08 > 09 > 10 > 11 > 12 > 13 > 33 > 23 > 14 > 38,37 > 01 > 02 > 03 > 04 > 05 > 06 > 07 > 08 > 09 > 10 > 11 > 12 > 13 > 14 > 13 > 14 > 13 > 15 > 16 > 14 > 17 > 27 > 22 > 28 > 29 > 28 > 29 > 28 > 29 > 28 > 29 > 28 > 16 > 29 > 17 > 27 > 22 > 28 > 29 > 28 > 29 > 28 > 29 > 28 > 29 > 28 > 16 > 29 > 17 > 22 > 17 > 22 > 17 > 20 > 19 > 21 > 18 > 22 > 38,1111,0:00:00.012000,0.011999845504760742,CBGW_CBG_CBGW_IM,CaseBasedGeneratorWrapper_CaseBasedGenerator_CaseBasedGeneratorWrapper_ImprovementMeasure,1,CaseBasedGeneratorWrapper,39,77,23,1,CaseBasedGenerator,2508,39,77,1111,ImprovementMeasure,1,1,18
1,CaseBasedGenerator,32,0.9998375177383423,2.8118603747013013,0.6292906178489702,0.8307095469240051,0.35221575163441154,0.9996444582939148,59,1,0,1,37 > 01 > 02 > 03 > 04 > 05 > 06 > 07 > 08 > 09 > 10 > 11 > 12 > 13 > 25 > 26 > 14 > 38,37 > 01 > 02 > 03 > 04 > 05 > 06 > 07 > 08 > 09 > 10 > 11 > 12 > 13 > 14 > 13 > 14 > 13 > 15 > 16 > 14 > 17 > 27 > 22 > 28 > 29 > 28 > 29 > 28 > 29 > 28 > 29 > 28 > 16 > 29 > 17 > 27 > 22 > 28 > 29 > 28 > 29 > 28 > 29 > 28 > 29 > 28 > 16 > 29 > 17 > 22 > 17 > 22 > 17 > 20 > 19 > 21 > 18 > 22 > 38,1111,0:00:00.012000,0.011999845504760742,CBGW_CBG_CBGW_IM,CaseBasedGeneratorWrapper_CaseBasedGenerator_CaseBasedGeneratorWrapper_ImprovementMeasure,1,CaseBasedGeneratorWrapper,39,77,23,1,CaseBasedGenerator,2508,39,77,1111,ImprovementMeasure,1,1,19
1,CaseBasedGenerator,31,0.9998360872268677,2.812395561817554,0.6229977116704806,0.8206398999576278,0.36911444556984696,0.9996435046195984,57,1,0,1,37 > 01 > 02 > 03 > 04 > 05 > 12 > 05 > 06 > 07 > 08 > 09 > 10 > 11 > 12 > 13 > 33 > 23 > 14 > 38,37 > 01 > 02 > 03 > 04 > 05 > 06 > 07 > 08 > 09 > 10 > 11 > 12 > 13 > 14 > 13 > 14 > 13 > 15 > 16 > 14 > 17 > 27 > 22 > 28 > 29 > 28 > 29 > 28 > 29 > 28 > 29 > 28 > 16 > 29 > 17 > 27 > 22 > 28 > 29 > 28 > 29 > 28 > 29 > 28 > 29 > 28 > 16 > 29 > 17 > 22 > 17 > 22 > 17 > 20 > 19 > 21 > 18 > 22 > 38,1111,0:00:00.012000,0.011999845504760742,CBGW_CBG_CBGW_IM,CaseBasedGeneratorWrapper_CaseBasedGenerator_CaseBasedGeneratorWrapper_ImprovementMeasure,1,CaseBasedGeneratorWrapper,39,77,23,1,CaseBasedGenerator,2508,39,77,1111,ImprovementMeasure,1,1,20
1,CaseBasedGenerator,30,0.9997867941856384,2.813052754314101,0.6355835240274599,0.8222530733380005,0.35560549448831363,0.9996106624603271,59,1,0,1,37 > 01 > 02 > 03 > 04 > 05 > 06 > 08 > 07 > 09 > 10 > 11 > 12 > 13 > 33 > 23 > 14 > 38,37 > 01 > 02 > 03 > 04 > 05 > 06 > 07 > 08 > 09 > 10 > 11 > 12 > 13 > 14 > 13 > 14 > 13 > 15 > 16 > 14 > 17 > 27 > 22 > 28 > 29 > 28 > 29 > 28 > 29 > 28 > 29 > 28 > 16 > 29 > 17 > 27 > 22 > 28 > 29 > 28 > 29 > 28 > 29 > 28 > 29 > 28 > 16 > 29 > 17 > 22 > 17 > 22 > 17 > 20 > 19 > 21 > 18 > 22 > 38,1111,0:00:00.012000,0.011999845504760742,CBGW_CBG_CBGW_IM,CaseBasedGeneratorWrapper_CaseBasedGenerator_CaseBasedGeneratorWrapper_ImprovementMeasure,1,CaseBasedGeneratorWrapper,39,77,23,1,CaseBasedGenerator,2508,39,77,1111,ImprovementMeasure,1,1,21
1,CaseBasedGenerator,29,0.9998345375061035,2.813410853292909,0.6361556064073226,0.821445002751307,0.3561676931889975,0.999642550945282,57,1,0,1,37 > 01 > 02 > 03 > 04 > 05 > 06 > 07 > 08 > 09 > 10 > 11 > 12 > 13 > 14 > 13 > 23 > 33 > 14 > 38,37 > 01 > 02 > 03 > 04 > 05 > 06 > 07 > 08 > 09 > 10 > 11 > 12 > 13 > 14 > 13 > 14 > 13 > 15 > 16 > 14 > 17 > 27 > 22 > 28 > 29 > 28 > 29 > 28 > 29 > 28 > 29 > 28 > 16 > 29 > 17 > 27 > 22 > 28 > 29 > 28 > 29 > 28 > 29 > 28 > 29 > 28 > 16 > 29 > 17 > 22 > 17 > 22 > 17 > 20 > 19 > 21 > 18 > 22 > 38,1111,0:00:00.012000,0.011999845504760742,CBGW_CBG_CBGW_IM,CaseBasedGeneratorWrapper_CaseBasedGenerator_CaseBasedGeneratorWrapper_ImprovementMeasure,1,CaseBasedGeneratorWrapper,39,77,23,1,CaseBasedGenerator,2508,39,77,1111,ImprovementMeasure,1,1,22
1,CaseBasedGenerator,28,0.9998378753662109,2.815585286710201,0.6384439359267735,0.83009155967758,0.34740503478870904,0.9996447563171387,57,1,0,1,37 > 01 > 02 > 03 > 04 > 05 > 06 > 07 > 08 > 09 > 10 > 11 > 12 > 13 > 14 > 13 > 23 > 33 > 14 > 38,37 > 01 > 02 > 03 > 04 > 05 > 06 > 07 > 08 > 09 > 10 > 11 > 12 > 13 > 14 > 13 > 14 > 13 > 15 > 16 > 14 > 17 > 27 > 22 > 28 > 29 > 28 > 29 > 28 > 29 > 28 > 29 > 28 > 16 > 29 > 17 > 27 > 22 > 28 > 29 > 28 > 29 > 28 > 29 > 28 > 29 > 28 > 16 > 29 > 17 > 22 > 17 > 22 > 17 > 20 > 19 > 21 > 18 > 22 > 38,1111,0:00:00.012000,0.011999845504760742,CBGW_CBG_CBGW_IM,CaseBasedGeneratorWrapper_CaseBasedGenerator_CaseBasedGeneratorWrapper_ImprovementMeasure,1,CaseBasedGeneratorWrapper,39,77,23,1,CaseBasedGenerator,2508,39,77,1111,ImprovementMeasure,1,1,23
1,CaseBasedGenerator,27,0.9997915625572205,2.8192670074225727,0.6633295194508009,0.8441195921044035,0.3122040743608679,0.9996138215065002,55,1,0,1,37 > 01 > 02 > 03 > 04 > 05 > 06 > 07 > 08 > 09 > 10 > 11 > 12 > 13 > 14 > 13 > 14 > 13 > 33 > 23 > 14 > 38,37 > 01 > 02 > 03 > 04 > 05 > 06 > 07 > 08 > 09 > 10 > 11 > 12 > 13 > 14 > 13 > 14 > 13 > 15 > 16 > 14 > 17 > 27 > 22 > 28 > 29 > 28 > 29 > 28 > 29 > 28 > 29 > 28 > 16 > 29 > 17 > 27 > 22 > 28 > 29 > 28 > 29 > 28 > 29 > 28 > 29 > 28 > 16 > 29 > 17 > 22 > 17 > 22 > 17 > 20 > 19 > 21 > 18 > 22 > 38,1111,0:00:00.012000,0.011999845504760742,CBGW_CBG_CBGW_IM,CaseBasedGeneratorWrapper_CaseBasedGenerator_CaseBasedGeneratorWrapper_ImprovementMeasure,1,CaseBasedGeneratorWrapper,39,77,23,1,CaseBasedGenerator,2508,39,77,1111,ImprovementMeasure,1,1,24
1,CaseBasedGenerator,26,0.9997928738594055,2.8192903569392014,0.6398741418764302,0.8285831099746556,0.3512183895119437,0.9996147155761719,56,1,0,1,37 > 01 > 02 > 03 > 04 > 05 > 06 > 07 > 08 > 09 > 10 > 11 > 12 > 13 > 14 > 13 > 14 > 14 > 33 > 23 > 38,37 > 01 > 02 > 03 > 04 > 05 > 06 > 07 > 08 > 09 > 10 > 11 > 12 > 13 > 14 > 13 > 14 > 13 > 15 > 16 > 14 > 17 > 27 > 22 > 28 > 29 > 28 > 29 > 28 > 29 > 28 > 29 > 28 > 16 > 29 > 17 > 27 > 22 > 28 > 29 > 28 > 29 > 28 > 29 > 28 > 29 > 28 > 16 > 29 > 17 > 22 > 17 > 22 > 17 > 20 > 19 > 21 > 18 > 22 > 38,1111,0:00:00.012000,0.011999845504760742,CBGW_CBG_CBGW_IM,CaseBasedGeneratorWrapper_CaseBasedGenerator_CaseBasedGeneratorWrapper_ImprovementMeasure,1,CaseBasedGeneratorWrapper,39,77,23,1,CaseBasedGenerator,2508,39,77,1111,ImprovementMeasure,1,1,25
1,CaseBasedGenerator,25,0.9998375177383423,2.8208021296021135,0.6352974828375286,0.8215384449324247,0.36432174353824537,0.9996444582939148,57,1,0,1,37 > 01 > 02 > 03 > 04 > 05 > 06 > 08 > 07 > 09 > 10 > 11 > 12 > 13 > 14 > 13 > 33 > 23 > 14 > 38,37 > 01 > 02 > 03 > 04 > 05 > 06 > 07 > 08 > 09 > 10 > 11 > 12 > 13 > 14 > 13 > 14 > 13 > 15 > 16 > 14 > 17 > 27 > 22 > 28 > 29 > 28 > 29 > 28 > 29 > 28 > 29 > 28 > 16 > 29 > 17 > 27 > 22 > 28 > 29 > 28 > 29 > 28 > 29 > 28 > 29 > 28 > 16 > 29 > 17 > 22 > 17 > 22 > 17 > 20 > 19 > 21 > 18 > 22 > 38,1111,0:00:00.012000,0.011999845504760742,CBGW_CBG_CBGW_IM,CaseBasedGeneratorWrapper_CaseBasedGenerator_CaseBasedGeneratorWrapper_ImprovementMeasure,1,CaseBasedGeneratorWrapper,39,77,23,1,CaseBasedGenerator,2508,39,77,1111,ImprovementMeasure,1,1,26
1,CaseBasedGenerator,24,0.999836802482605,2.8232962139829816,0.6541762013729977,0.8508795993462929,0.3185964318069347,0.9996439814567566,53,1,0,1,37 > 01 > 02 > 03 > 04 > 05 > 06 > 07 > 08 > 09 > 10 > 11 > 12 > 13 > 14 > 13 > 15 > 16 > 14 > 17 > 25 > 26 > 22 > 38,37 > 01 > 02 > 03 > 04 > 05 > 06 > 07 > 08 > 09 > 10 > 11 > 12 > 13 > 14 > 13 > 14 > 13 > 15 > 16 > 14 > 17 > 27 > 22 > 28 > 29 > 28 > 29 > 28 > 29 > 28 > 29 > 28 > 16 > 29 > 17 > 27 > 22 > 28 > 29 > 28 > 29 > 28 > 29 > 28 > 29 > 28 > 16 > 29 > 17 > 22 > 17 > 22 > 17 > 20 > 19 > 21 > 18 > 22 > 38,1111,0:00:00.012000,0.011999845504760742,CBGW_CBG_CBGW_IM,CaseBasedGeneratorWrapper_CaseBasedGenerator_CaseBasedGeneratorWrapper_ImprovementMeasure,1,CaseBasedGeneratorWrapper,39,77,23,1,CaseBasedGenerator,2508,39,77,1111,ImprovementMeasure,1,1,27
1,CaseBasedGenerator,23,0.999815046787262,2.8257101519254766,0.6453089244851258,0.8357823965999123,0.34498933331236253,0.9996294975280762,55,1,0,1,37 > 01 > 02 > 03 > 04 > 05 > 06 > 07 > 08 > 09 > 10 > 11 > 12 > 13 > 15 > 16 > 14 > 17 > 26 > 25 > 22 > 38,37 > 01 > 02 > 03 > 04 > 05 > 06 > 07 > 08 > 09 > 10 > 11 > 12 > 13 > 14 > 13 > 14 > 13 > 15 > 16 > 14 > 17 > 27 > 22 > 28 > 29 > 28 > 29 > 28 > 29 > 28 > 29 > 28 > 16 > 29 > 17 > 27 > 22 > 28 > 29 > 28 > 29 > 28 > 29 > 28 > 29 > 28 > 16 > 29 > 17 > 22 > 17 > 22 > 17 > 20 > 19 > 21 > 18 > 22 > 38,1111,0:00:00.012000,0.011999845504760742,CBGW_CBG_CBGW_IM,CaseBasedGeneratorWrapper_CaseBasedGenerator_CaseBasedGeneratorWrapper_ImprovementMeasure,1,CaseBasedGeneratorWrapper,39,77,23,1,CaseBasedGenerator,2508,39,77,1111,ImprovementMeasure,1,1,28
1,CaseBasedGenerator,22,0.9998378753662109,2.8258119398529793,0.6292906178489702,0.8185404874213178,0.3783360782655525,0.9996447563171387,59,1,0,1,37 > 01 > 02 > 03 > 04 > 05 > 06 > 07 > 08 > 09 > 10 > 11 > 12 > 13 > 33 > 23 > 14 > 38,37 > 01 > 02 > 03 > 04 > 05 > 06 > 07 > 08 > 09 > 10 > 11 > 12 > 13 > 14 > 13 > 14 > 13 > 15 > 16 > 14 > 17 > 27 > 22 > 28 > 29 > 28 > 29 > 28 > 29 > 28 > 29 > 28 > 16 > 29 > 17 > 27 > 22 > 28 > 29 > 28 > 29 > 28 > 29 > 28 > 29 > 28 > 16 > 29 > 17 > 22 > 17 > 22 > 17 > 20 > 19 > 21 > 18 > 22 > 38,1111,0:00:00.012000,0.011999845504760742,CBGW_CBG_CBGW_IM,CaseBasedGeneratorWrapper_CaseBasedGenerator_CaseBasedGeneratorWrapper_ImprovementMeasure,1,CaseBasedGeneratorWrapper,39,77,23,1,CaseBasedGenerator,2508,39,77,1111,ImprovementMeasure,1,1,29
1,CaseBasedGenerator,21,0.9997833371162415,2.8258959878573924,0.6495995423340961,0.832341285772722,0.34434682187139326,0.9996083378791809,55,1,0,1,37 > 01 > 02 > 03 > 04 > 05 > 06 > 07 > 08 > 09 > 10 > 11 > 12 > 13 > 14 > 13 > 14 > 13 > 33 > 23 > 14 > 38,37 > 01 > 02 > 03 > 04 > 05 > 06 > 07 > 08 > 09 > 10 > 11 > 12 > 13 > 14 > 13 > 14 > 13 > 15 > 16 > 14 > 17 > 27 > 22 > 28 > 29 > 28 > 29 > 28 > 29 > 28 > 29 > 28 > 16 > 29 > 17 > 27 > 22 > 28 > 29 > 28 > 29 > 28 > 29 > 28 > 29 > 28 > 16 > 29 > 17 > 22 > 17 > 22 > 17 > 20 > 19 > 21 > 18 > 22 > 38,1111,0:00:00.012000,0.011999845504760742,CBGW_CBG_CBGW_IM,CaseBasedGeneratorWrapper_CaseBasedGenerator_CaseBasedGeneratorWrapper_ImprovementMeasure,1,CaseBasedGeneratorWrapper,39,77,23,1,CaseBasedGenerator,2508,39,77,1111,ImprovementMeasure,1,1,30
1,CaseBasedGenerator,20,0.9998359680175781,2.827268949909587,0.6498855835240275,0.834426645870839,0.3433132158951222,0.9996435046195984,55,1,0,1,37 > 01 > 02 > 03 > 04 > 05 > 06 > 07 > 08 > 09 > 10 > 11 > 12 > 13 > 14 > 13 > 14 > 13 > 23 > 33 > 14 > 38,37 > 01 > 02 > 03 > 04 > 05 > 06 > 07 > 08 > 09 > 10 > 11 > 12 > 13 > 14 > 13 > 14 > 13 > 15 > 16 > 14 > 17 > 27 > 22 > 28 > 29 > 28 > 29 > 28 > 29 > 28 > 29 > 28 > 16 > 29 > 17 > 27 > 22 > 28 > 29 > 28 > 29 > 28 > 29 > 28 > 29 > 28 > 16 > 29 > 17 > 22 > 17 > 22 > 17 > 20 > 19 > 21 > 18 > 22 > 38,1111,0:00:00.012000,0.011999845504760742,CBGW_CBG_CBGW_IM,CaseBasedGeneratorWrapper_CaseBasedGenerator_CaseBasedGeneratorWrapper_ImprovementMeasure,1,CaseBasedGeneratorWrapper,39,77,23,1,CaseBasedGenerator,2508,39,77,1111,ImprovementMeasure,1,1,31
1,CaseBasedGenerator,19,0.9997879862785339,2.8285475647691407,0.6327231121281465,0.8287125653818541,0.3675004499384309,0.9996114373207092,59,1,0,1,37 > 01 > 02 > 03 > 04 > 05 > 06 > 08 > 07 > 09 > 10 > 11 > 12 > 13 > 33 > 23 > 14 > 38,37 > 01 > 02 > 03 > 04 > 05 > 06 > 07 > 08 > 09 > 10 > 11 > 12 > 13 > 14 > 13 > 14 > 13 > 15 > 16 > 14 > 17 > 27 > 22 > 28 > 29 > 28 > 29 > 28 > 29 > 28 > 29 > 28 > 16 > 29 > 17 > 27 > 22 > 28 > 29 > 28 > 29 > 28 > 29 > 28 > 29 > 28 > 16 > 29 > 17 > 22 > 17 > 22 > 17 > 20 > 19 > 21 > 18 > 22 > 38,1111,0:00:00.012000,0.011999845504760742,CBGW_CBG_CBGW_IM,CaseBasedGeneratorWrapper_CaseBasedGenerator_CaseBasedGeneratorWrapper_ImprovementMeasure,1,CaseBasedGeneratorWrapper,39,77,23,1,CaseBasedGenerator,2508,39,77,1111,ImprovementMeasure,1,1,32
1,CaseBasedGenerator,18,0.9997867941856384,2.8303792292143566,0.624141876430206,0.8279942527902782,0.37863243753354525,0.9996106624603271,57,1,0,1,37 > 01 > 02 > 03 > 04 > 05 > 12 > 05 > 06 > 07 > 08 > 09 > 10 > 11 > 12 > 13 > 23 > 33 > 14 > 38,37 > 01 > 02 > 03 > 04 > 05 > 06 > 07 > 08 > 09 > 10 > 11 > 12 > 13 > 14 > 13 > 14 > 13 > 15 > 16 > 14 > 17 > 27 > 22 > 28 > 29 > 28 > 29 > 28 > 29 > 28 > 29 > 28 > 16 > 29 > 17 > 27 > 22 > 28 > 29 > 28 > 29 > 28 > 29 > 28 > 29 > 28 > 16 > 29 > 17 > 22 > 17 > 22 > 17 > 20 > 19 > 21 > 18 > 22 > 38,1111,0:00:00.012000,0.011999845504760742,CBGW_CBG_CBGW_IM,CaseBasedGeneratorWrapper_CaseBasedGenerator_CaseBasedGeneratorWrapper_ImprovementMeasure,1,CaseBasedGeneratorWrapper,39,77,23,1,CaseBasedGenerator,2508,39,77,1111,ImprovementMeasure,1,1,33
1,CaseBasedGenerator,17,0.9997878670692444,2.8314221626987925,0.6358695652173914,0.8283466983348582,0.36759452143047855,0.9996113777160645,59,1,0,1,37 > 01 > 02 > 03 > 04 > 05 > 06 > 08 > 07 > 09 > 10 > 11 > 12 > 13 > 26 > 25 > 14 > 38,37 > 01 > 02 > 03 > 04 > 05 > 06 > 07 > 08 > 09 > 10 > 11 > 12 > 13 > 14 > 13 > 14 > 13 > 15 > 16 > 14 > 17 > 27 > 22 > 28 > 29 > 28 > 29 > 28 > 29 > 28 > 29 > 28 > 16 > 29 > 17 > 27 > 22 > 28 > 29 > 28 > 29 > 28 > 29 > 28 > 29 > 28 > 16 > 29 > 17 > 22 > 17 > 22 > 17 > 20 > 19 > 21 > 18 > 22 > 38,1111,0:00:00.012000,0.011999845504760742,CBGW_CBG_CBGW_IM,CaseBasedGeneratorWrapper_CaseBasedGenerator_CaseBasedGeneratorWrapper_ImprovementMeasure,1,CaseBasedGeneratorWrapper,39,77,23,1,CaseBasedGenerator,2508,39,77,1111,ImprovementMeasure,1,1,34
1,CaseBasedGenerator,16,0.999836802482605,2.831470446363678,0.6550343249427917,0.8361857700244205,0.3406063699397094,0.9996439814567566,57,1,0,1,37 > 01 > 02 > 03 > 04 > 05 > 06 > 07 > 08 > 09 > 10 > 11 > 12 > 13 > 14 > 13 > 33 > 23 > 14 > 38,37 > 01 > 02 > 03 > 04 > 05 > 06 > 07 > 08 > 09 > 10 > 11 > 12 > 13 > 14 > 13 > 14 > 13 > 15 > 16 > 14 > 17 > 27 > 22 > 28 > 29 > 28 > 29 > 28 > 29 > 28 > 29 > 28 > 16 > 29 > 17 > 27 > 22 > 28 > 29 > 28 > 29 > 28 > 29 > 28 > 29 > 28 > 16 > 29 > 17 > 22 > 17 > 22 > 17 > 20 > 19 > 21 > 18 > 22 > 38,1111,0:00:00.012000,0.011999845504760742,CBGW_CBG_CBGW_IM,CaseBasedGeneratorWrapper_CaseBasedGenerator_CaseBasedGeneratorWrapper_ImprovementMeasure,1,CaseBasedGeneratorWrapper,39,77,23,1,CaseBasedGenerator,2508,39,77,1111,ImprovementMeasure,1,1,35
1,CaseBasedGenerator,15,0.9997609257698059,2.8363705143300084,0.659324942791762,0.8492943967291238,0.32815773809113546,0.9995934367179871,55,1,0,1,37 > 01 > 02 > 03 > 04 > 05 > 06 > 07 > 08 > 09 > 10 > 11 > 12 > 13 > 15 > 16 > 14 > 17 > 26 > 25 > 22 > 38,37 > 01 > 02 > 03 > 04 > 05 > 06 > 07 > 08 > 09 > 10 > 11 > 12 > 13 > 14 > 13 > 14 > 13 > 15 > 16 > 14 > 17 > 27 > 22 > 28 > 29 > 28 > 29 > 28 > 29 > 28 > 29 > 28 > 16 > 29 > 17 > 27 > 22 > 28 > 29 > 28 > 29 > 28 > 29 > 28 > 29 > 28 > 16 > 29 > 17 > 22 > 17 > 22 > 17 > 20 > 19 > 21 > 18 > 22 > 38,1111,0:00:00.012000,0.011999845504760742,CBGW_CBG_CBGW_IM,CaseBasedGeneratorWrapper_CaseBasedGenerator_CaseBasedGeneratorWrapper_ImprovementMeasure,1,CaseBasedGeneratorWrapper,39,77,23,1,CaseBasedGenerator,2508,39,77,1111,ImprovementMeasure,1,1,36
1,CaseBasedGenerator,14,0.9998378753662109,2.841854007114783,0.6321510297482837,0.8262073070768924,0.383850913972468,0.9996447563171387,59,1,0,1,37 > 01 > 02 > 03 > 04 > 05 > 06 > 07 > 08 > 09 > 10 > 11 > 12 > 13 > 33 > 23 > 14 > 38,37 > 01 > 02 > 03 > 04 > 05 > 06 > 07 > 08 > 09 > 10 > 11 > 12 > 13 > 14 > 13 > 14 > 13 > 15 > 16 > 14 > 17 > 27 > 22 > 28 > 29 > 28 > 29 > 28 > 29 > 28 > 29 > 28 > 16 > 29 > 17 > 27 > 22 > 28 > 29 > 28 > 29 > 28 > 29 > 28 > 29 > 28 > 16 > 29 > 17 > 22 > 17 > 22 > 17 > 20 > 19 > 21 > 18 > 22 > 38,1111,0:00:00.012000,0.011999845504760742,CBGW_CBG_CBGW_IM,CaseBasedGeneratorWrapper_CaseBasedGenerator_CaseBasedGeneratorWrapper_ImprovementMeasure,1,CaseBasedGeneratorWrapper,39,77,23,1,CaseBasedGenerator,2508,39,77,1111,ImprovementMeasure,1,1,37
1,CaseBasedGenerator,13,0.9998131394386292,2.8419224185840823,0.6352974828375286,0.828459078528669,0.37853761138734887,0.9996282458305359,59,1,0,1,37 > 01 > 02 > 03 > 04 > 05 > 06 > 08 > 07 > 09 > 10 > 11 > 12 > 13 > 23 > 33 > 14 > 38,37 > 01 > 02 > 03 > 04 > 05 > 06 > 07 > 08 > 09 > 10 > 11 > 12 > 13 > 14 > 13 > 14 > 13 > 15 > 16 > 14 > 17 > 27 > 22 > 28 > 29 > 28 > 29 > 28 > 29 > 28 > 29 > 28 > 16 > 29 > 17 > 27 > 22 > 28 > 29 > 28 > 29 > 28 > 29 > 28 > 29 > 28 > 16 > 29 > 17 > 22 > 17 > 22 > 17 > 20 > 19 > 21 > 18 > 22 > 38,1111,0:00:00.012000,0.011999845504760742,CBGW_CBG_CBGW_IM,CaseBasedGeneratorWrapper_CaseBasedGenerator_CaseBasedGeneratorWrapper_ImprovementMeasure,1,CaseBasedGeneratorWrapper,39,77,23,1,CaseBasedGenerator,2508,39,77,1111,ImprovementMeasure,1,1,38
1,CaseBasedGenerator,12,0.9998007416725159,2.8419986966321993,0.6390160183066362,0.8257530187739552,0.3776096987666959,0.9996199607849121,59,1,0,1,37 > 01 > 02 > 03 > 04 > 05 > 06 > 07 > 08 > 09 > 10 > 11 > 12 > 13 > 23 > 33 > 14 > 38,37 > 01 > 02 > 03 > 04 > 05 > 06 > 07 > 08 > 09 > 10 > 11 > 12 > 13 > 14 > 13 > 14 > 13 > 15 > 16 > 14 > 17 > 27 > 22 > 28 > 29 > 28 > 29 > 28 > 29 > 28 > 29 > 28 > 16 > 29 > 17 > 27 > 22 > 28 > 29 > 28 > 29 > 28 > 29 > 28 > 29 > 28 > 16 > 29 > 17 > 22 > 17 > 22 > 17 > 20 > 19 > 21 > 18 > 22 > 38,1111,0:00:00.012000,0.011999845504760742,CBGW_CBG_CBGW_IM,CaseBasedGeneratorWrapper_CaseBasedGenerator_CaseBasedGeneratorWrapper_ImprovementMeasure,1,CaseBasedGeneratorWrapper,39,77,23,1,CaseBasedGenerator,2508,39,77,1111,ImprovementMeasure,1,1,39
1,CaseBasedGenerator,11,0.9997922778129578,2.8445711560345055,0.6418764302059496,0.8329517168814491,0.3701287106034482,0.9996142983436584,57,1,0,1,37 > 01 > 02 > 03 > 04 > 05 > 06 > 08 > 07 > 09 > 10 > 11 > 12 > 13 > 14 > 13 > 33 > 23 > 14 > 38,37 > 01 > 02 > 03 > 04 > 05 > 06 > 07 > 08 > 09 > 10 > 11 > 12 > 13 > 14 > 13 > 14 > 13 > 15 > 16 > 14 > 17 > 27 > 22 > 28 > 29 > 28 > 29 > 28 > 29 > 28 > 29 > 28 > 16 > 29 > 17 > 27 > 22 > 28 > 29 > 28 > 29 > 28 > 29 > 28 > 29 > 28 > 16 > 29 > 17 > 22 > 17 > 22 > 17 > 20 > 19 > 21 > 18 > 22 > 38,1111,0:00:00.012000,0.011999845504760742,CBGW_CBG_CBGW_IM,CaseBasedGeneratorWrapper_CaseBasedGenerator_CaseBasedGeneratorWrapper_ImprovementMeasure,1,CaseBasedGeneratorWrapper,39,77,23,1,CaseBasedGenerator,2508,39,77,1111,ImprovementMeasure,1,1,40
1,CaseBasedGenerator,10,0.9997943043708801,2.8451456466360288,0.6501716247139588,0.820730750704995,0.3746276019665869,0.9996156692504883,57,1,0,1,37 > 01 > 02 > 03 > 04 > 05 > 06 > 07 > 08 > 09 > 10 > 11 > 12 > 13 > 14 > 13 > 33 > 23 > 14 > 38,37 > 01 > 02 > 03 > 04 > 05 > 06 > 07 > 08 > 09 > 10 > 11 > 12 > 13 > 14 > 13 > 14 > 13 > 15 > 16 > 14 > 17 > 27 > 22 > 28 > 29 > 28 > 29 > 28 > 29 > 28 > 29 > 28 > 16 > 29 > 17 > 27 > 22 > 28 > 29 > 28 > 29 > 28 > 29 > 28 > 29 > 28 > 16 > 29 > 17 > 22 > 17 > 22 > 17 > 20 > 19 > 21 > 18 > 22 > 38,1111,0:00:00.012000,0.011999845504760742,CBGW_CBG_CBGW_IM,CaseBasedGeneratorWrapper_CaseBasedGenerator_CaseBasedGeneratorWrapper_ImprovementMeasure,1,CaseBasedGeneratorWrapper,39,77,23,1,CaseBasedGenerator,2508,39,77,1111,ImprovementMeasure,1,1,41
1,CaseBasedGenerator,9,0.999736487865448,2.845619255864457,0.6556064073226544,0.8346321517094969,0.35580359178698673,0.9995771050453186,55,1,0,1,37 > 01 > 02 > 03 > 04 > 05 > 06 > 07 > 08 > 09 > 10 > 11 > 12 > 13 > 15 > 16 > 14 > 17 > 25 > 26 > 22 > 38,37 > 01 > 02 > 03 > 04 > 05 > 06 > 07 > 08 > 09 > 10 > 11 > 12 > 13 > 14 > 13 > 14 > 13 > 15 > 16 > 14 > 17 > 27 > 22 > 28 > 29 > 28 > 29 > 28 > 29 > 28 > 29 > 28 > 16 > 29 > 17 > 27 > 22 > 28 > 29 > 28 > 29 > 28 > 29 > 28 > 29 > 28 > 16 > 29 > 17 > 22 > 17 > 22 > 17 > 20 > 19 > 21 > 18 > 22 > 38,1111,0:00:00.012000,0.011999845504760742,CBGW_CBG_CBGW_IM,CaseBasedGeneratorWrapper_CaseBasedGenerator_CaseBasedGeneratorWrapper_ImprovementMeasure,1,CaseBasedGeneratorWrapper,39,77,23,1,CaseBasedGenerator,2508,39,77,1111,ImprovementMeasure,1,1,42
1,CaseBasedGenerator,8,0.9998278617858887,2.8474569601958897,0.6398741418764302,0.8356771546304584,0.37226758309207714,0.9996380805969238,57,1,0,1,37 > 01 > 02 > 03 > 04 > 05 > 12 > 05 > 06 > 07 > 08 > 09 > 10 > 11 > 12 > 13 > 23 > 33 > 14 > 38,37 > 01 > 02 > 03 > 04 > 05 > 06 > 07 > 08 > 09 > 10 > 11 > 12 > 13 > 14 > 13 > 14 > 13 > 15 > 16 > 14 > 17 > 27 > 22 > 28 > 29 > 28 > 29 > 28 > 29 > 28 > 29 > 28 > 16 > 29 > 17 > 27 > 22 > 28 > 29 > 28 > 29 > 28 > 29 > 28 > 29 > 28 > 16 > 29 > 17 > 22 > 17 > 22 > 17 > 20 > 19 > 21 > 18 > 22 > 38,1111,0:00:00.012000,0.011999845504760742,CBGW_CBG_CBGW_IM,CaseBasedGeneratorWrapper_CaseBasedGenerator_CaseBasedGeneratorWrapper_ImprovementMeasure,1,CaseBasedGeneratorWrapper,39,77,23,1,CaseBasedGenerator,2508,39,77,1111,ImprovementMeasure,1,1,43
1,CaseBasedGenerator,7,0.9998012185096741,2.8487694545327464,0.6341533180778032,0.8222292208736401,0.3927666567731673,0.999620258808136,59,1,0,1,37 > 01 > 02 > 03 > 04 > 05 > 06 > 07 > 08 > 09 > 10 > 11 > 12 > 13 > 23 > 33 > 14 > 38,37 > 01 > 02 > 03 > 04 > 05 > 06 > 07 > 08 > 09 > 10 > 11 > 12 > 13 > 14 > 13 > 14 > 13 > 15 > 16 > 14 > 17 > 27 > 22 > 28 > 29 > 28 > 29 > 28 > 29 > 28 > 29 > 28 > 16 > 29 > 17 > 27 > 22 > 28 > 29 > 28 > 29 > 28 > 29 > 28 > 29 > 28 > 16 > 29 > 17 > 22 > 17 > 22 > 17 > 20 > 19 > 21 > 18 > 22 > 38,1111,0:00:00.012000,0.011999845504760742,CBGW_CBG_CBGW_IM,CaseBasedGeneratorWrapper_CaseBasedGenerator_CaseBasedGeneratorWrapper_ImprovementMeasure,1,CaseBasedGeneratorWrapper,39,77,23,1,CaseBasedGenerator,2508,39,77,1111,ImprovementMeasure,1,1,44
1,CaseBasedGenerator,6,0.9997804760932922,2.8562221272699007,0.6347254004576659,0.8301435521681051,0.39174674411358146,0.9996064305305481,59,1,0,1,37 > 01 > 02 > 03 > 04 > 05 > 06 > 07 > 08 > 09 > 10 > 11 > 12 > 13 > 23 > 33 > 14 > 38,37 > 01 > 02 > 03 > 04 > 05 > 06 > 07 > 08 > 09 > 10 > 11 > 12 > 13 > 14 > 13 > 14 > 13 > 15 > 16 > 14 > 17 > 27 > 22 > 28 > 29 > 28 > 29 > 28 > 29 > 28 > 29 > 28 > 16 > 29 > 17 > 27 > 22 > 28 > 29 > 28 > 29 > 28 > 29 > 28 > 29 > 28 > 16 > 29 > 17 > 22 > 17 > 22 > 17 > 20 > 19 > 21 > 18 > 22 > 38,1111,0:00:00.012000,0.011999845504760742,CBGW_CBG_CBGW_IM,CaseBasedGeneratorWrapper_CaseBasedGenerator_CaseBasedGeneratorWrapper_ImprovementMeasure,1,CaseBasedGeneratorWrapper,39,77,23,1,CaseBasedGenerator,2508,39,77,1111,ImprovementMeasure,1,1,45
1,CaseBasedGenerator,5,0.9997898936271667,2.864111130066295,0.6335812356979404,0.8237687305566106,0.4071484151888497,0.9996127486228943,59,1,0,1,37 > 01 > 02 > 03 > 04 > 05 > 06 > 07 > 08 > 09 > 10 > 11 > 12 > 13 > 33 > 23 > 14 > 38,37 > 01 > 02 > 03 > 04 > 05 > 06 > 07 > 08 > 09 > 10 > 11 > 12 > 13 > 14 > 13 > 14 > 13 > 15 > 16 > 14 > 17 > 27 > 22 > 28 > 29 > 28 > 29 > 28 > 29 > 28 > 29 > 28 > 16 > 29 > 17 > 27 > 22 > 28 > 29 > 28 > 29 > 28 > 29 > 28 > 29 > 28 > 16 > 29 > 17 > 22 > 17 > 22 > 17 > 20 > 19 > 21 > 18 > 22 > 38,1111,0:00:00.012000,0.011999845504760742,CBGW_CBG_CBGW_IM,CaseBasedGeneratorWrapper_CaseBasedGenerator_CaseBasedGeneratorWrapper_ImprovementMeasure,1,CaseBasedGeneratorWrapper,39,77,23,1,CaseBasedGenerator,2508,39,77,1111,ImprovementMeasure,1,1,46
1,CaseBasedGenerator,4,0.9997915625572205,2.8684531947480605,0.6324370709382151,0.8285588988252552,0.4078434034780897,0.9996138215065002,59,1,0,1,37 > 01 > 02 > 03 > 04 > 05 > 06 > 07 > 08 > 09 > 10 > 11 > 12 > 13 > 23 > 33 > 14 > 38,37 > 01 > 02 > 03 > 04 > 05 > 06 > 07 > 08 > 09 > 10 > 11 > 12 > 13 > 14 > 13 > 14 > 13 > 15 > 16 > 14 > 17 > 27 > 22 > 28 > 29 > 28 > 29 > 28 > 29 > 28 > 29 > 28 > 16 > 29 > 17 > 27 > 22 > 28 > 29 > 28 > 29 > 28 > 29 > 28 > 29 > 28 > 16 > 29 > 17 > 22 > 17 > 22 > 17 > 20 > 19 > 21 > 18 > 22 > 38,1111,0:00:00.012000,0.011999845504760742,CBGW_CBG_CBGW_IM,CaseBasedGeneratorWrapper_CaseBasedGenerator_CaseBasedGeneratorWrapper_ImprovementMeasure,1,CaseBasedGeneratorWrapper,39,77,23,1,CaseBasedGenerator,2508,39,77,1111,ImprovementMeasure,1,1,47
1,CaseBasedGenerator,3,0.999835729598999,2.8742443699831366,0.6378718535469108,0.8305841433770772,0.40614504725348444,0.9996433258056641,59,1,0,1,37 > 01 > 02 > 03 > 04 > 05 > 06 > 08 > 07 > 09 > 10 > 11 > 12 > 13 > 33 > 23 > 14 > 38,37 > 01 > 02 > 03 > 04 > 05 > 06 > 07 > 08 > 09 > 10 > 11 > 12 > 13 > 14 > 13 > 14 > 13 > 15 > 16 > 14 > 17 > 27 > 22 > 28 > 29 > 28 > 29 > 28 > 29 > 28 > 29 > 28 > 16 > 29 > 17 > 27 > 22 > 28 > 29 > 28 > 29 > 28 > 29 > 28 > 29 > 28 > 16 > 29 > 17 > 22 > 17 > 22 > 17 > 20 > 19 > 21 > 18 > 22 > 38,1111,0:00:00.012000,0.011999845504760742,CBGW_CBG_CBGW_IM,CaseBasedGeneratorWrapper_CaseBasedGenerator_CaseBasedGeneratorWrapper_ImprovementMeasure,1,CaseBasedGeneratorWrapper,39,77,23,1,CaseBasedGenerator,2508,39,77,1111,ImprovementMeasure,1,1,48
1,CaseBasedGenerator,2,0.9998369216918945,2.8841641317420628,0.6441647597254004,0.82022512625496,0.4201301450956561,0.9996441006660461,59,1,0,1,37 > 01 > 02 > 03 > 04 > 05 > 06 > 07 > 08 > 09 > 10 > 11 > 12 > 13 > 23 > 33 > 14 > 38,37 > 01 > 02 > 03 > 04 > 05 > 06 > 07 > 08 > 09 > 10 > 11 > 12 > 13 > 14 > 13 > 14 > 13 > 15 > 16 > 14 > 17 > 27 > 22 > 28 > 29 > 28 > 29 > 28 > 29 > 28 > 29 > 28 > 16 > 29 > 17 > 27 > 22 > 28 > 29 > 28 > 29 > 28 > 29 > 28 > 29 > 28 > 16 > 29 > 17 > 22 > 17 > 22 > 17 > 20 > 19 > 21 > 18 > 22 > 38,1111,0:00:00.012000,0.011999845504760742,CBGW_CBG_CBGW_IM,CaseBasedGeneratorWrapper_CaseBasedGenerator_CaseBasedGeneratorWrapper_ImprovementMeasure,1,CaseBasedGeneratorWrapper,39,77,23,1,CaseBasedGenerator,2508,39,77,1111,ImprovementMeasure,1,1,49
1,CaseBasedGenerator,1,0.9997807145118713,2.9030516469322576,0.642162471395881,0.825394797641005,0.4358877685508892,0.9996066093444824,59,1,0,1,37 > 01 > 02 > 03 > 04 > 05 > 06 > 08 > 07 > 09 > 10 > 11 > 12 > 13 > 23 > 33 > 14 > 38,37 > 01 > 02 > 03 > 04 > 05 > 06 > 07 > 08 > 09 > 10 > 11 > 12 > 13 > 14 > 13 > 14 > 13 > 15 > 16 > 14 > 17 > 27 > 22 > 28 > 29 > 28 > 29 > 28 > 29 > 28 > 29 > 28 > 16 > 29 > 17 > 27 > 22 > 28 > 29 > 28 > 29 > 28 > 29 > 28 > 29 > 28 > 16 > 29 > 17 > 22 > 17 > 22 > 17 > 20 > 19 > 21 > 18 > 22 > 38,1111,0:00:00.012000,0.011999845504760742,CBGW_CBG_CBGW_IM,CaseBasedGeneratorWrapper_CaseBasedGenerator_CaseBasedGeneratorWrapper_ImprovementMeasure,1,CaseBasedGeneratorWrapper,39,77,23,1,CaseBasedGenerator,2508,39,77,1111,ImprovementMeasure,1,1,50
1,RandomGenerator,50,0.9992042183876038,1.6429502452817473,0.21052631578947367,0.433201650897303,0.0,0.9992222785949707,0,1,0,1,03 > 02 > 19 > 08 > 03 > 21 > 30 > 17 > 02 > 37 > 06 > 31 > 19 > 25 > 21 > 03 > 08 > 07 > 30 > 23 > 36 > 08 > 29 > 01 > 26 > 21 > 08 > 25 > 02 > 07 > 24 > 07 > 12 > 21 > 37 > 25 > 28 > 18 > 01 > 29 > 28 > 33 > 02 > 26 > 22 > 37 > 07 > 28 > 27 > 10 > 05 > 37 > 31 > 22 > 02 > 21 > 04 > 03 > 05 > 12 > 10 > 14 > 36 > 26 > 22 > 27 > 34 > 23 > 10 > 15 > 28 > 02 > 37 > 38 > 04 > 08 > 31,37 > 01 > 02 > 03 > 04 > 05 > 06 > 07 > 08 > 09 > 10 > 11 > 12 > 13 > 14 > 13 > 14 > 13 > 15 > 16 > 14 > 17 > 27 > 22 > 28 > 29 > 28 > 29 > 28 > 29 > 28 > 29 > 28 > 16 > 29 > 17 > 27 > 22 > 28 > 29 > 28 > 29 > 28 > 29 > 28 > 29 > 28 > 16 > 29 > 17 > 22 > 17 > 22 > 17 > 20 > 19 > 21 > 18 > 22 > 38,1111,0:00:00.013000,0.013000011444091797,RGW_RG_RGW_IM,RandomGeneratorWrapper_RandomGenerator_RandomGeneratorWrapper_ImprovementMeasure,2,RandomGeneratorWrapper,39,77,23,1,RandomGenerator,2508,39,77,1111,ImprovementMeasure,1,1,1
1,RandomGenerator,49,0.9997885823249817,1.6430734352189553,0.21052631578947367,0.4329352648762589,0.0,0.9996118545532227,0,1,0,1,15 > 36 > 14 > 37 > 15 > 21 > 34 > 22 > 27 > 19 > 34 > 22 > 32 > 01 > 02 > 19 > 03 > 02 > 20 > 24 > 07 > 34 > 09 > 02 > 22 > 04 > 33 > 04 > 17 > 13 > 20 > 33 > 26 > 22 > 12 > 32 > 28 > 01 > 08 > 06 > 35 > 01 > 14 > 13 > 36 > 28 > 38 > 27 > 35 > 34 > 07 > 06 > 31 > 34 > 01 > 02 > 33 > 17 > 35 > 19 > 18 > 24 > 22 > 15 > 16 > 04 > 32 > 28 > 35 > 23 > 03 > 12 > 17 > 20 > 33 > 32 > 11,37 > 01 > 02 > 03 > 04 > 05 > 06 > 07 > 08 > 09 > 10 > 11 > 12 > 13 > 14 > 13 > 14 > 13 > 15 > 16 > 14 > 17 > 27 > 22 > 28 > 29 > 28 > 29 > 28 > 29 > 28 > 29 > 28 > 16 > 29 > 17 > 27 > 22 > 28 > 29 > 28 > 29 > 28 > 29 > 28 > 29 > 28 > 16 > 29 > 17 > 22 > 17 > 22 > 17 > 20 > 19 > 21 > 18 > 22 > 38,1111,0:00:00.013000,0.013000011444091797,RGW_RG_RGW_IM,RandomGeneratorWrapper_RandomGenerator_RandomGeneratorWrapper_ImprovementMeasure,2,RandomGeneratorWrapper,39,77,23,1,RandomGenerator,2508,39,77,1111,ImprovementMeasure,1,1,2
1,RandomGenerator,48,0.9985581040382385,1.6434290379914975,0.2171052631578947,0.4275322590064239,0.0,0.998791515827179,3,1,0,1,32 > 01 > 34 > 27 > 25 > 02 > 24 > 24 > 11 > 14 > 26 > 13 > 21 > 30 > 23 > 11 > 02 > 26 > 08 > 07 > 18 > 24 > 09 > 02 > 32 > 26 > 01 > 30 > 30 > 08 > 01 > 33 > 14 > 07 > 10 > 12 > 22 > 08 > 04 > 08 > 11 > 14 > 29 > 11 > 10 > 01 > 12 > 23 > 02 > 37 > 17 > 38 > 17 > 13 > 28 > 00 > 27 > 33 > 23 > 29 > 00 > 19 > 12 > 27 > 36 > 18 > 20 > 00 > 22 > 13 > 33 > 29 > 13 > 37 > 04 > 25 > 15,37 > 01 > 02 > 03 > 04 > 05 > 06 > 07 > 08 > 09 > 10 > 11 > 12 > 13 > 14 > 13 > 14 > 13 > 15 > 16 > 14 > 17 > 27 > 22 > 28 > 29 > 28 > 29 > 28 > 29 > 28 > 29 > 28 > 16 > 29 > 17 > 27 > 22 > 28 > 29 > 28 > 29 > 28 > 29 > 28 > 29 > 28 > 16 > 29 > 17 > 22 > 17 > 22 > 17 > 20 > 19 > 21 > 18 > 22 > 38,1111,0:00:00.013000,0.013000011444091797,RGW_RG_RGW_IM,RandomGeneratorWrapper_RandomGenerator_RandomGeneratorWrapper_ImprovementMeasure,2,RandomGeneratorWrapper,39,77,23,1,RandomGenerator,2508,39,77,1111,ImprovementMeasure,1,1,3
1,RandomGenerator,47,0.9961663484573364,1.6434716863869108,0.21052631578947367,0.4357483982272895,0.0,0.9971969723701477,2,1,0,1,02 > 24 > 31 > 33 > 26 > 28 > 15 > 20 > 37 > 16 > 18 > 17 > 24 > 33 > 28 > 29 > 04 > 18 > 02 > 03 > 28 > 29 > 23 > 00 > 35 > 21 > 14 > 11 > 24 > 11 > 19 > 37 > 29 > 17 > 07 > 05 > 27 > 34 > 11 > 35 > 34 > 22 > 17 > 19 > 07 > 33 > 31 > 09 > 16 > 27 > 05 > 04 > 37 > 26 > 04 > 04 > 13 > 09 > 35 > 03 > 18 > 20 > 05 > 02 > 15 > 24 > 01 > 21 > 27 > 31 > 24 > 16 > 36 > 00 > 02 > 25 > 22,37 > 01 > 02 > 03 > 04 > 05 > 06 > 07 > 08 > 09 > 10 > 11 > 12 > 13 > 14 > 13 > 14 > 13 > 15 > 16 > 14 > 17 > 27 > 22 > 28 > 29 > 28 > 29 > 28 > 29 > 28 > 29 > 28 > 16 > 29 > 17 > 27 > 22 > 28 > 29 > 28 > 29 > 28 > 29 > 28 > 29 > 28 > 16 > 29 > 17 > 22 > 17 > 22 > 17 > 20 > 19 > 21 > 18 > 22 > 38,1111,0:00:00.013000,0.013000011444091797,RGW_RG_RGW_IM,RandomGeneratorWrapper_RandomGenerator_RandomGeneratorWrapper_ImprovementMeasure,2,RandomGeneratorWrapper,39,77,23,1,RandomGenerator,2508,39,77,1111,ImprovementMeasure,1,1,4
1,RandomGenerator,46,0.9996986389160156,1.6436040451316716,0.21052631578947367,0.4335257774569746,0.0,0.9995519518852234,0,1,0,1,32 > 38 > 20 > 10 > 21 > 14 > 06 > 20 > 20 > 25 > 15 > 24 > 26 > 13 > 38 > 27 > 09 > 02 > 38 > 02 > 06 > 30 > 30 > 05 > 01 > 37 > 16 > 21 > 10 > 20 > 29 > 28 > 17 > 22 > 18 > 37 > 08 > 06 > 34 > 01 > 28 > 35 > 04 > 25 > 36 > 09 > 25 > 10 > 18 > 38 > 23 > 35 > 03 > 11 > 24 > 24 > 37 > 05 > 01 > 29 > 10 > 21 > 26 > 18 > 17 > 22 > 10 > 26 > 21 > 19 > 06 > 35 > 11 > 06 > 15 > 26 > 16,37 > 01 > 02 > 03 > 04 > 05 > 06 > 07 > 08 > 09 > 10 > 11 > 12 > 13 > 14 > 13 > 14 > 13 > 15 > 16 > 14 > 17 > 27 > 22 > 28 > 29 > 28 > 29 > 28 > 29 > 28 > 29 > 28 > 16 > 29 > 17 > 27 > 22 > 28 > 29 > 28 > 29 > 28 > 29 > 28 > 29 > 28 > 16 > 29 > 17 > 22 > 17 > 22 > 17 > 20 > 19 > 21 > 18 > 22 > 38,1111,0:00:00.013000,0.013000011444091797,RGW_RG_RGW_IM,RandomGeneratorWrapper_RandomGenerator_RandomGeneratorWrapper_ImprovementMeasure,2,RandomGeneratorWrapper,39,77,23,1,RandomGenerator,2508,39,77,1111,ImprovementMeasure,1,1,5
1,RandomGenerator,45,0.9844627380371094,1.6436382411073058,0.2171052631578947,0.43713831318500695,0.0,0.9893946647644043,2,1,0,1,28 > 04 > 11 > 00 > 02 > 24 > 23 > 28 > 11 > 10 > 22 > 09 > 20 > 02 > 27 > 28 > 05 > 21 > 10 > 25 > 27 > 13 > 31 > 00 > 20 > 29 > 37 > 03 > 30 > 29 > 09 > 34 > 22 > 24 > 31 > 38 > 34 > 28 > 35 > 24 > 38 > 20 > 07 > 38 > 37 > 36 > 16 > 30 > 22 > 12 > 21 > 33 > 33 > 14 > 14 > 17 > 27 > 07 > 07 > 37 > 17 > 01 > 07 > 25 > 25 > 25 > 30 > 37 > 09 > 31 > 13 > 21 > 22 > 04 > 38 > 23 > 02,37 > 01 > 02 > 03 > 04 > 05 > 06 > 07 > 08 > 09 > 10 > 11 > 12 > 13 > 14 > 13 > 14 > 13 > 15 > 16 > 14 > 17 > 27 > 22 > 28 > 29 > 28 > 29 > 28 > 29 > 28 > 29 > 28 > 16 > 29 > 17 > 27 > 22 > 28 > 29 > 28 > 29 > 28 > 29 > 28 > 29 > 28 > 16 > 29 > 17 > 22 > 17 > 22 > 17 > 20 > 19 > 21 > 18 > 22 > 38,1111,0:00:00.013000,0.013000011444091797,RGW_RG_RGW_IM,RandomGeneratorWrapper_RandomGenerator_RandomGeneratorWrapper_ImprovementMeasure,2,RandomGeneratorWrapper,39,77,23,1,RandomGenerator,2508,39,77,1111,ImprovementMeasure,1,1,6
1,RandomGenerator,44,0.9998005032539368,1.6440485703051833,0.2171052631578947,0.4273235251763108,0.0,0.9996197819709778,0,1,0,1,25 > 13 > 25 > 16 > 35 > 23 > 14 > 17 > 36 > 36 > 26 > 13 > 26 > 05 > 31 > 28 > 08 > 36 > 14 > 17 > 13 > 22 > 04 > 31 > 30 > 28 > 20 > 34 > 17 > 32 > 30 > 28 > 25 > 10 > 32 > 31 > 28 > 36 > 38 > 33 > 30 > 09 > 27 > 30 > 24 > 36 > 38 > 19 > 04 > 26 > 29 > 14 > 27 > 05 > 03 > 27 > 38 > 16 > 27 > 37 > 25 > 37 > 02 > 37 > 11 > 05 > 24 > 28 > 06 > 19 > 04 > 10 > 31 > 25 > 08 > 21 > 32,37 > 01 > 02 > 03 > 04 > 05 > 06 > 07 > 08 > 09 > 10 > 11 > 12 > 13 > 14 > 13 > 14 > 13 > 15 > 16 > 14 > 17 > 27 > 22 > 28 > 29 > 28 > 29 > 28 > 29 > 28 > 29 > 28 > 16 > 29 > 17 > 27 > 22 > 28 > 29 > 28 > 29 > 28 > 29 > 28 > 29 > 28 > 16 > 29 > 17 > 22 > 17 > 22 > 17 > 20 > 19 > 21 > 18 > 22 > 38,1111,0:00:00.013000,0.013000011444091797,RGW_RG_RGW_IM,RandomGeneratorWrapper_RandomGenerator_RandomGeneratorWrapper_ImprovementMeasure,2,RandomGeneratorWrapper,39,77,23,1,RandomGenerator,2508,39,77,1111,ImprovementMeasure,1,1,7
1,RandomGenerator,43,0.9982041120529175,1.644507207515816,0.21052631578947367,0.43542541029247406,0.0,0.9985554814338684,2,1,0,1,07 > 05 > 21 > 26 > 27 > 22 > 12 > 07 > 06 > 35 > 10 > 12 > 27 > 03 > 04 > 20 > 15 > 17 > 23 > 30 > 00 > 35 > 04 > 21 > 28 > 07 > 01 > 32 > 20 > 18 > 17 > 36 > 30 > 08 > 14 > 01 > 02 > 37 > 01 > 08 > 07 > 07 > 24 > 19 > 22 > 28 > 09 > 32 > 09 > 38 > 10 > 05 > 02 > 20 > 15 > 11 > 18 > 21 > 24 > 21 > 35 > 31 > 24 > 25 > 05 > 16 > 11 > 37 > 21 > 28 > 13 > 10 > 15 > 06 > 37 > 23,37 > 01 > 02 > 03 > 04 > 05 > 06 > 07 > 08 > 09 > 10 > 11 > 12 > 13 > 14 > 13 > 14 > 13 > 15 > 16 > 14 > 17 > 27 > 22 > 28 > 29 > 28 > 29 > 28 > 29 > 28 > 29 > 28 > 16 > 29 > 17 > 27 > 22 > 28 > 29 > 28 > 29 > 28 > 29 > 28 > 29 > 28 > 16 > 29 > 17 > 22 > 17 > 22 > 17 > 20 > 19 > 21 > 18 > 22 > 38,1111,0:00:00.013000,0.013000011444091797,RGW_RG_RGW_IM,RandomGeneratorWrapper_RandomGenerator_RandomGeneratorWrapper_ImprovementMeasure,2,RandomGeneratorWrapper,39,77,23,1,RandomGenerator,2508,39,77,1111,ImprovementMeasure,1,1,8
1,RandomGenerator,42,0.9998379945755005,1.6452625043264066,0.2171052631578947,0.4285124848513733,0.0,0.9996447563171387,4,1,0,1,31 > 00 > 02 > 01 > 23 > 05 > 17 > 36 > 19 > 21 > 36 > 06 > 24 > 11 > 06 > 13 > 12 > 21 > 27 > 02 > 37 > 29 > 18 > 23 > 04 > 13 > 11 > 34 > 14 > 12 > 31 > 22 > 00 > 30 > 27 > 16 > 06 > 11 > 29 > 19 > 33 > 00 > 28 > 03 > 34 > 15 > 34 > 05 > 32 > 05 > 07 > 02 > 18 > 03 > 03 > 10 > 11 > 21 > 35 > 32 > 21 > 15 > 16 > 30 > 34 > 34 > 23 > 04 > 38 > 27 > 36 > 13 > 33 > 30 > 26 > 16,37 > 01 > 02 > 03 > 04 > 05 > 06 > 07 > 08 > 09 > 10 > 11 > 12 > 13 > 14 > 13 > 14 > 13 > 15 > 16 > 14 > 17 > 27 > 22 > 28 > 29 > 28 > 29 > 28 > 29 > 28 > 29 > 28 > 16 > 29 > 17 > 27 > 22 > 28 > 29 > 28 > 29 > 28 > 29 > 28 > 29 > 28 > 16 > 29 > 17 > 22 > 17 > 22 > 17 > 20 > 19 > 21 > 18 > 22 > 38,1111,0:00:00.013000,0.013000011444091797,RGW_RG_RGW_IM,RandomGeneratorWrapper_RandomGenerator_RandomGeneratorWrapper_ImprovementMeasure,2,RandomGeneratorWrapper,39,77,23,1,RandomGenerator,2508,39,77,1111,ImprovementMeasure,1,1,9
1,RandomGenerator,41,0.9980320334434509,1.645798456802976,0.2171052631578947,0.43025239154776085,0.0,0.9984408020973206,2,1,0,1,05 > 06 > 14 > 23 > 02 > 31 > 24 > 08 > 06 > 10 > 03 > 19 > 14 > 11 > 36 > 38 > 24 > 09 > 12 > 17 > 16 > 28 > 33 > 19 > 02 > 12 > 08 > 07 > 14 > 32 > 26 > 07 > 03 > 01 > 25 > 27 > 35 > 02 > 05 > 35 > 04 > 05 > 28 > 22 > 34 > 11 > 05 > 05 > 02 > 05 > 03 > 00 > 00 > 03 > 19 > 12 > 04 > 34 > 18 > 22 > 27 > 13 > 05 > 28 > 15 > 03 > 34 > 19 > 33 > 29 > 05 > 12 > 28 > 08 > 11 > 14 > 29,37 > 01 > 02 > 03 > 04 > 05 > 06 > 07 > 08 > 09 > 10 > 11 > 12 > 13 > 14 > 13 > 14 > 13 > 15 > 16 > 14 > 17 > 27 > 22 > 28 > 29 > 28 > 29 > 28 > 29 > 28 > 29 > 28 > 16 > 29 > 17 > 27 > 22 > 28 > 29 > 28 > 29 > 28 > 29 > 28 > 29 > 28 > 16 > 29 > 17 > 22 > 17 > 22 > 17 > 20 > 19 > 21 > 18 > 22 > 38,1111,0:00:00.013000,0.013000011444091797,RGW_RG_RGW_IM,RandomGeneratorWrapper_RandomGenerator_RandomGeneratorWrapper_ImprovementMeasure,2,RandomGeneratorWrapper,39,77,23,1,RandomGenerator,2508,39,77,1111,ImprovementMeasure,1,1,10
1,RandomGenerator,40,0.9998043179512024,1.6459285504331311,0.2171052631578947,0.42920094230453343,0.0,0.9996223449707031,3,1,0,1,28 > 07 > 00 > 10 > 26 > 06 > 34 > 18 > 07 > 21 > 32 > 18 > 08 > 34 > 04 > 12 > 29 > 31 > 35 > 29 > 24 > 33 > 09 > 05 > 16 > 06 > 20 > 29 > 17 > 18 > 14 > 27 > 01 > 18 > 29 > 18 > 01 > 17 > 31 > 17 > 35 > 04 > 37 > 32 > 36 > 15 > 26 > 09 > 17 > 04 > 31 > 04 > 37 > 01 > 18 > 33 > 06 > 07 > 12 > 08 > 36 > 09 > 00 > 15 > 30 > 16 > 06 > 08 > 18 > 38 > 32 > 18 > 37 > 23 > 29 > 29,37 > 01 > 02 > 03 > 04 > 05 > 06 > 07 > 08 > 09 > 10 > 11 > 12 > 13 > 14 > 13 > 14 > 13 > 15 > 16 > 14 > 17 > 27 > 22 > 28 > 29 > 28 > 29 > 28 > 29 > 28 > 29 > 28 > 16 > 29 > 17 > 27 > 22 > 28 > 29 > 28 > 29 > 28 > 29 > 28 > 29 > 28 > 16 > 29 > 17 > 22 > 17 > 22 > 17 > 20 > 19 > 21 > 18 > 22 > 38,1111,0:00:00.013000,0.013000011444091797,RGW_RG_RGW_IM,RandomGeneratorWrapper_RandomGenerator_RandomGeneratorWrapper_ImprovementMeasure,2,RandomGeneratorWrapper,39,77,23,1,RandomGenerator,2508,39,77,1111,ImprovementMeasure,1,1,11
1,RandomGenerator,39,0.9992369413375854,1.6460143329702213,0.21052631578947367,0.43624398289043376,0.0,0.9992440342903137,0,1,0,1,09 > 03 > 15 > 18 > 19 > 22 > 27 > 07 > 28 > 17 > 27 > 19 > 02 > 17 > 16 > 35 > 27 > 18 > 03 > 03 > 11 > 24 > 11 > 36 > 38 > 26 > 18 > 26 > 14 > 13 > 16 > 11 > 16 > 36 > 33 > 30 > 38 > 09 > 14 > 23 > 03 > 24 > 17 > 11 > 11 > 20 > 28 > 10 > 16 > 04 > 37 > 03 > 12 > 17 > 24 > 05 > 19 > 14 > 25 > 25 > 19 > 07 > 27 > 16 > 08 > 05 > 32 > 11 > 09 > 34 > 04 > 38 > 37 > 08 > 25 > 19 > 27,37 > 01 > 02 > 03 > 04 > 05 > 06 > 07 > 08 > 09 > 10 > 11 > 12 > 13 > 14 > 13 > 14 > 13 > 15 > 16 > 14 > 17 > 27 > 22 > 28 > 29 > 28 > 29 > 28 > 29 > 28 > 29 > 28 > 16 > 29 > 17 > 27 > 22 > 28 > 29 > 28 > 29 > 28 > 29 > 28 > 29 > 28 > 16 > 29 > 17 > 22 > 17 > 22 > 17 > 20 > 19 > 21 > 18 > 22 > 38,1111,0:00:00.013000,0.013000011444091797,RGW_RG_RGW_IM,RandomGeneratorWrapper_RandomGenerator_RandomGeneratorWrapper_ImprovementMeasure,2,RandomGeneratorWrapper,39,77,23,1,RandomGenerator,2508,39,77,1111,ImprovementMeasure,1,1,12
1,RandomGenerator,38,0.999774158000946,1.6462658067398526,0.2171052631578947,0.42955828537654406,0.0,0.9996022582054138,1,1,0,1,10 > 12 > 16 > 02 > 29 > 30 > 03 > 16 > 31 > 05 > 01 > 06 > 23 > 09 > 38 > 16 > 21 > 34 > 22 > 31 > 06 > 33 > 02 > 20 > 26 > 18 > 06 > 38 > 22 > 32 > 37 > 16 > 34 > 19 > 20 > 10 > 22 > 29 > 28 > 29 > 21 > 25 > 37 > 25 > 35 > 01 > 05 > 20 > 35 > 38 > 09 > 28 > 33 > 00 > 32 > 26 > 20 > 18 > 29 > 36 > 31 > 14 > 38 > 26 > 09 > 01 > 03 > 03 > 09 > 25 > 12 > 33 > 25 > 04 > 11 > 38 > 13,37 > 01 > 02 > 03 > 04 > 05 > 06 > 07 > 08 > 09 > 10 > 11 > 12 > 13 > 14 > 13 > 14 > 13 > 15 > 16 > 14 > 17 > 27 > 22 > 28 > 29 > 28 > 29 > 28 > 29 > 28 > 29 > 28 > 16 > 29 > 17 > 27 > 22 > 28 > 29 > 28 > 29 > 28 > 29 > 28 > 29 > 28 > 16 > 29 > 17 > 22 > 17 > 22 > 17 > 20 > 19 > 21 > 18 > 22 > 38,1111,0:00:00.013000,0.013000011444091797,RGW_RG_RGW_IM,RandomGeneratorWrapper_RandomGenerator_RandomGeneratorWrapper_ImprovementMeasure,2,RandomGeneratorWrapper,39,77,23,1,RandomGenerator,2508,39,77,1111,ImprovementMeasure,1,1,13
1,RandomGenerator,37,0.9988709092140198,1.6466039598673294,0.21052631578947367,0.43707757159860783,0.0,0.999000072479248,4,1,0,1,38 > 22 > 18 > 37 > 29 > 22 > 08 > 25 > 33 > 13 > 35 > 14 > 03 > 29 > 34 > 23 > 29 > 04 > 08 > 36 > 09 > 16 > 37 > 17 > 31 > 24 > 23 > 04 > 02 > 20 > 18 > 18 > 17 > 37 > 31 > 09 > 17 > 02 > 02 > 20 > 02 > 29 > 28 > 10 > 19 > 02 > 10 > 17 > 29 > 31 > 24 > 11 > 32 > 22 > 02 > 11 > 00 > 23 > 06 > 23 > 09 > 17 > 04 > 24 > 00 > 28 > 23 > 30 > 04 > 15 > 20 > 00 > 11 > 00 > 30 > 07 > 15,37 > 01 > 02 > 03 > 04 > 05 > 06 > 07 > 08 > 09 > 10 > 11 > 12 > 13 > 14 > 13 > 14 > 13 > 15 > 16 > 14 > 17 > 27 > 22 > 28 > 29 > 28 > 29 > 28 > 29 > 28 > 29 > 28 > 16 > 29 > 17 > 27 > 22 > 28 > 29 > 28 > 29 > 28 > 29 > 28 > 29 > 28 > 16 > 29 > 17 > 22 > 17 > 22 > 17 > 20 > 19 > 21 > 18 > 22 > 38,1111,0:00:00.013000,0.013000011444091797,RGW_RG_RGW_IM,RandomGeneratorWrapper_RandomGenerator_RandomGeneratorWrapper_ImprovementMeasure,2,RandomGeneratorWrapper,39,77,23,1,RandomGenerator,2508,39,77,1111,ImprovementMeasure,1,1,14
1,RandomGenerator,36,0.9994633793830872,1.6466493034317935,0.2171052631578947,0.43014896781372414,0.0,0.9993950724601746,5,1,0,1,06 > 01 > 29 > 07 > 08 > 29 > 22 > 22 > 05 > 00 > 06 > 32 > 05 > 00 > 15 > 20 > 22 > 09 > 07 > 21 > 17 > 13 > 14 > 13 > 25 > 37 > 13 > 38 > 16 > 33 > 02 > 27 > 07 > 11 > 32 > 13 > 01 > 31 > 17 > 20 > 25 > 02 > 15 > 27 > 11 > 00 > 04 > 05 > 28 > 23 > 24 > 26 > 25 > 38 > 11 > 13 > 14 > 37 > 22 > 02 > 29 > 23 > 24 > 18 > 06 > 00 > 15 > 08 > 38 > 30 > 28 > 00 > 23 > 01 > 33 > 23 > 23,37 > 01 > 02 > 03 > 04 > 05 > 06 > 07 > 08 > 09 > 10 > 11 > 12 > 13 > 14 > 13 > 14 > 13 > 15 > 16 > 14 > 17 > 27 > 22 > 28 > 29 > 28 > 29 > 28 > 29 > 28 > 29 > 28 > 16 > 29 > 17 > 27 > 22 > 28 > 29 > 28 > 29 > 28 > 29 > 28 > 29 > 28 > 16 > 29 > 17 > 22 > 17 > 22 > 17 > 20 > 19 > 21 > 18 > 22 > 38,1111,0:00:00.013000,0.013000011444091797,RGW_RG_RGW_IM,RandomGeneratorWrapper_RandomGenerator_RandomGeneratorWrapper_ImprovementMeasure,2,RandomGeneratorWrapper,39,77,23,1,RandomGenerator,2508,39,77,1111,ImprovementMeasure,1,1,15
1,RandomGenerator,35,0.999778687953949,1.6467355400126238,0.21052631578947367,0.43660398578549753,0.0,0.9996052384376526,4,1,0,1,10 > 17 > 24 > 24 > 38 > 19 > 21 > 05 > 13 > 09 > 11 > 32 > 16 > 35 > 24 > 00 > 24 > 01 > 11 > 33 > 27 > 05 > 33 > 00 > 18 > 26 > 14 > 02 > 25 > 07 > 14 > 22 > 21 > 13 > 18 > 06 > 15 > 23 > 27 > 30 > 37 > 22 > 13 > 23 > 02 > 32 > 09 > 19 > 05 > 10 > 00 > 30 > 00 > 28 > 35 > 36 > 26 > 36 > 15 > 03 > 38 > 17 > 19 > 16 > 16 > 20 > 27 > 13 > 29 > 08 > 26 > 18 > 24 > 28 > 05 > 08 > 03,37 > 01 > 02 > 03 > 04 > 05 > 06 > 07 > 08 > 09 > 10 > 11 > 12 > 13 > 14 > 13 > 14 > 13 > 15 > 16 > 14 > 17 > 27 > 22 > 28 > 29 > 28 > 29 > 28 > 29 > 28 > 29 > 28 > 16 > 29 > 17 > 27 > 22 > 28 > 29 > 28 > 29 > 28 > 29 > 28 > 29 > 28 > 16 > 29 > 17 > 22 > 17 > 22 > 17 > 20 > 19 > 21 > 18 > 22 > 38,1111,0:00:00.013000,0.013000011444091797,RGW_RG_RGW_IM,RandomGeneratorWrapper_RandomGenerator_RandomGeneratorWrapper_ImprovementMeasure,2,RandomGeneratorWrapper,39,77,23,1,RandomGenerator,2508,39,77,1111,ImprovementMeasure,1,1,16
1,RandomGenerator,34,0.9998352527618408,1.6467361828090117,0.21052631578947367,0.4365668392370978,0.0,0.9996430277824402,2,1,0,1,22 > 07 > 26 > 25 > 35 > 11 > 36 > 16 > 31 > 00 > 03 > 20 > 09 > 12 > 09 > 10 > 08 > 17 > 17 > 20 > 17 > 34 > 03 > 14 > 33 > 22 > 21 > 03 > 00 > 19 > 27 > 17 > 01 > 12 > 06 > 03 > 09 > 36 > 24 > 36 > 25 > 02 > 02 > 08 > 28 > 27 > 25 > 12 > 10 > 27 > 24 > 14 > 21 > 30 > 09 > 28 > 01 > 35 > 13 > 10 > 29 > 01 > 16 > 24 > 18 > 29 > 08 > 14 > 01 > 07 > 20 > 20 > 18 > 33 > 23 > 30 > 09,37 > 01 > 02 > 03 > 04 > 05 > 06 > 07 > 08 > 09 > 10 > 11 > 12 > 13 > 14 > 13 > 14 > 13 > 15 > 16 > 14 > 17 > 27 > 22 > 28 > 29 > 28 > 29 > 28 > 29 > 28 > 29 > 28 > 16 > 29 > 17 > 27 > 22 > 28 > 29 > 28 > 29 > 28 > 29 > 28 > 29 > 28 > 16 > 29 > 17 > 22 > 17 > 22 > 17 > 20 > 19 > 21 > 18 > 22 > 38,1111,0:00:00.013000,0.013000011444091797,RGW_RG_RGW_IM,RandomGeneratorWrapper_RandomGenerator_RandomGeneratorWrapper_ImprovementMeasure,2,RandomGeneratorWrapper,39,77,23,1,RandomGenerator,2508,39,77,1111,ImprovementMeasure,1,1,17
1,RandomGenerator,33,0.9996647834777832,1.646930256849258,0.2171052631578947,0.43029563196651,0.0,0.9995293617248535,2,1,0,1,14 > 16 > 07 > 05 > 15 > 19 > 33 > 28 > 33 > 17 > 15 > 37 > 03 > 35 > 20 > 03 > 14 > 13 > 04 > 00 > 23 > 26 > 19 > 06 > 38 > 03 > 08 > 33 > 10 > 16 > 16 > 23 > 20 > 12 > 25 > 07 > 02 > 27 > 13 > 21 > 30 > 16 > 33 > 22 > 34 > 10 > 08 > 07 > 26 > 30 > 17 > 28 > 17 > 27 > 18 > 29 > 10 > 24 > 07 > 04 > 02 > 29 > 35 > 16 > 00 > 09 > 30 > 33 > 05 > 02 > 03 > 34 > 10 > 06 > 12 > 08 > 08,37 > 01 > 02 > 03 > 04 > 05 > 06 > 07 > 08 > 09 > 10 > 11 > 12 > 13 > 14 > 13 > 14 > 13 > 15 > 16 > 14 > 17 > 27 > 22 > 28 > 29 > 28 > 29 > 28 > 29 > 28 > 29 > 28 > 16 > 29 > 17 > 27 > 22 > 28 > 29 > 28 > 29 > 28 > 29 > 28 > 29 > 28 > 16 > 29 > 17 > 22 > 17 > 22 > 17 > 20 > 19 > 21 > 18 > 22 > 38,1111,0:00:00.013000,0.013000011444091797,RGW_RG_RGW_IM,RandomGeneratorWrapper_RandomGenerator_RandomGeneratorWrapper_ImprovementMeasure,2,RandomGeneratorWrapper,39,77,23,1,RandomGenerator,2508,39,77,1111,ImprovementMeasure,1,1,18
1,RandomGenerator,32,0.999437153339386,1.646987492457928,0.2171052631578947,0.4305046806054228,0.0,0.9993775486946106,1,1,0,1,28 > 09 > 26 > 26 > 10 > 19 > 16 > 00 > 04 > 22 > 37 > 29 > 21 > 28 > 31 > 16 > 33 > 07 > 34 > 17 > 05 > 32 > 32 > 06 > 04 > 12 > 31 > 36 > 36 > 28 > 25 > 12 > 07 > 11 > 31 > 29 > 15 > 08 > 20 > 05 > 26 > 12 > 04 > 29 > 05 > 09 > 27 > 01 > 27 > 09 > 28 > 21 > 36 > 33 > 38 > 23 > 15 > 33 > 21 > 35 > 13 > 17 > 18 > 10 > 27 > 37 > 02 > 14 > 22 > 02 > 24 > 35 > 02 > 29 > 25 > 36 > 18,37 > 01 > 02 > 03 > 04 > 05 > 06 > 07 > 08 > 09 > 10 > 11 > 12 > 13 > 14 > 13 > 14 > 13 > 15 > 16 > 14 > 17 > 27 > 22 > 28 > 29 > 28 > 29 > 28 > 29 > 28 > 29 > 28 > 16 > 29 > 17 > 27 > 22 > 28 > 29 > 28 > 29 > 28 > 29 > 28 > 29 > 28 > 16 > 29 > 17 > 22 > 17 > 22 > 17 > 20 > 19 > 21 > 18 > 22 > 38,1111,0:00:00.013000,0.013000011444091797,RGW_RG_RGW_IM,RandomGeneratorWrapper_RandomGenerator_RandomGeneratorWrapper_ImprovementMeasure,2,RandomGeneratorWrapper,39,77,23,1,RandomGenerator,2508,39,77,1111,ImprovementMeasure,1,1,19
1,RandomGenerator,31,0.9995774626731873,1.6470819880426575,0.2171052631578947,0.43050559689785484,0.0,0.999471127986908,0,1,0,1,07 > 14 > 19 > 33 > 09 > 09 > 05 > 30 > 15 > 07 > 07 > 10 > 30 > 08 > 24 > 25 > 17 > 24 > 28 > 14 > 12 > 13 > 30 > 32 > 24 > 17 > 08 > 38 > 27 > 28 > 28 > 13 > 02 > 28 > 25 > 01 > 35 > 07 > 37 > 22 > 23 > 38 > 14 > 13 > 32 > 07 > 17 > 33 > 25 > 06 > 17 > 30 > 12 > 07 > 06 > 28 > 10 > 35 > 10 > 04 > 03 > 29 > 23 > 29 > 36 > 03 > 09 > 18 > 34 > 14 > 06 > 02 > 34 > 01 > 06 > 37 > 26,37 > 01 > 02 > 03 > 04 > 05 > 06 > 07 > 08 > 09 > 10 > 11 > 12 > 13 > 14 > 13 > 14 > 13 > 15 > 16 > 14 > 17 > 27 > 22 > 28 > 29 > 28 > 29 > 28 > 29 > 28 > 29 > 28 > 16 > 29 > 17 > 27 > 22 > 28 > 29 > 28 > 29 > 28 > 29 > 28 > 29 > 28 > 16 > 29 > 17 > 22 > 17 > 22 > 17 > 20 > 19 > 21 > 18 > 22 > 38,1111,0:00:00.013000,0.013000011444091797,RGW_RG_RGW_IM,RandomGeneratorWrapper_RandomGenerator_RandomGeneratorWrapper_ImprovementMeasure,2,RandomGeneratorWrapper,39,77,23,1,RandomGenerator,2508,39,77,1111,ImprovementMeasure,1,1,20
1,RandomGenerator,30,0.9997053742408752,1.6477528658074614,0.2171052631578947,0.43109124002062993,0.0,0.9995563626289368,2,1,0,1,37 > 20 > 03 > 31 > 03 > 09 > 22 > 29 > 05 > 24 > 09 > 18 > 13 > 14 > 23 > 07 > 22 > 33 > 37 > 35 > 37 > 32 > 04 > 20 > 36 > 27 > 17 > 27 > 08 > 35 > 11 > 08 > 11 > 36 > 38 > 04 > 14 > 33 > 16 > 16 > 12 > 22 > 14 > 21 > 22 > 14 > 16 > 29 > 37 > 24 > 06 > 12 > 05 > 06 > 11 > 31 > 17 > 17 > 07 > 21 > 11 > 14 > 19 > 00 > 36 > 12 > 28 > 34 > 02 > 24 > 18 > 10 > 28 > 00 > 07 > 11 > 13,37 > 01 > 02 > 03 > 04 > 05 > 06 > 07 > 08 > 09 > 10 > 11 > 12 > 13 > 14 > 13 > 14 > 13 > 15 > 16 > 14 > 17 > 27 > 22 > 28 > 29 > 28 > 29 > 28 > 29 > 28 > 29 > 28 > 16 > 29 > 17 > 27 > 22 > 28 > 29 > 28 > 29 > 28 > 29 > 28 > 29 > 28 > 16 > 29 > 17 > 22 > 17 > 22 > 17 > 20 > 19 > 21 > 18 > 22 > 38,1111,0:00:00.013000,0.013000011444091797,RGW_RG_RGW_IM,RandomGeneratorWrapper_RandomGenerator_RandomGeneratorWrapper_ImprovementMeasure,2,RandomGeneratorWrapper,39,77,23,1,RandomGenerator,2508,39,77,1111,ImprovementMeasure,1,1,21
1,RandomGenerator,29,0.9660068154335022,1.6490182467597896,0.22368421052631582,0.44824337947611903,0.0,0.9770906567573547,4,1,0,1,27 > 05 > 25 > 08 > 00 > 25 > 07 > 08 > 22 > 23 > 27 > 07 > 10 > 16 > 02 > 35 > 35 > 25 > 33 > 14 > 29 > 28 > 22 > 24 > 00 > 20 > 19 > 01 > 22 > 28 > 18 > 16 > 14 > 12 > 26 > 10 > 23 > 11 > 07 > 12 > 22 > 17 > 30 > 21 > 08 > 00 > 25 > 05 > 04 > 08 > 10 > 01 > 36 > 16 > 36 > 28 > 22 > 06 > 03 > 10 > 00 > 20 > 10 > 04 > 13 > 30 > 22 > 17 > 29 > 05 > 35 > 34 > 14 > 34 > 22 > 10 > 02,37 > 01 > 02 > 03 > 04 > 05 > 06 > 07 > 08 > 09 > 10 > 11 > 12 > 13 > 14 > 13 > 14 > 13 > 15 > 16 > 14 > 17 > 27 > 22 > 28 > 29 > 28 > 29 > 28 > 29 > 28 > 29 > 28 > 16 > 29 > 17 > 27 > 22 > 28 > 29 > 28 > 29 > 28 > 29 > 28 > 29 > 28 > 16 > 29 > 17 > 22 > 17 > 22 > 17 > 20 > 19 > 21 > 18 > 22 > 38,1111,0:00:00.013000,0.013000011444091797,RGW_RG_RGW_IM,RandomGeneratorWrapper_RandomGenerator_RandomGeneratorWrapper_ImprovementMeasure,2,RandomGeneratorWrapper,39,77,23,1,RandomGenerator,2508,39,77,1111,ImprovementMeasure,1,1,22
1,RandomGenerator,28,0.993894636631012,1.6494566383557667,0.22368421052631582,0.43008989027375644,0.0,0.9956825375556946,3,1,0,1,07 > 04 > 11 > 31 > 10 > 02 > 32 > 08 > 27 > 10 > 33 > 13 > 38 > 28 > 10 > 25 > 35 > 00 > 01 > 26 > 17 > 32 > 26 > 17 > 11 > 37 > 35 > 29 > 29 > 15 > 20 > 37 > 10 > 04 > 36 > 33 > 28 > 24 > 16 > 03 > 14 > 00 > 16 > 32 > 05 > 20 > 21 > 20 > 01 > 13 > 27 > 15 > 16 > 17 > 32 > 13 > 13 > 24 > 06 > 23 > 27 > 29 > 34 > 05 > 16 > 17 > 26 > 38 > 38 > 18 > 21 > 38 > 31 > 16 > 23 > 38,37 > 01 > 02 > 03 > 04 > 05 > 06 > 07 > 08 > 09 > 10 > 11 > 12 > 13 > 14 > 13 > 14 > 13 > 15 > 16 > 14 > 17 > 27 > 22 > 28 > 29 > 28 > 29 > 28 > 29 > 28 > 29 > 28 > 16 > 29 > 17 > 27 > 22 > 28 > 29 > 28 > 29 > 28 > 29 > 28 > 29 > 28 > 16 > 29 > 17 > 22 > 17 > 22 > 17 > 20 > 19 > 21 > 18 > 22 > 38,1111,0:00:00.013000,0.013000011444091797,RGW_RG_RGW_IM,RandomGeneratorWrapper_RandomGenerator_RandomGeneratorWrapper_ImprovementMeasure,2,RandomGeneratorWrapper,39,77,23,1,RandomGenerator,2508,39,77,1111,ImprovementMeasure,1,1,23
1,RandomGenerator,27,0.9957205653190613,1.6504528302021422,0.22368421052631582,0.42986877645988386,0.0,0.9968998432159424,3,1,0,1,05 > 02 > 09 > 04 > 28 > 38 > 07 > 20 > 31 > 05 > 04 > 15 > 17 > 20 > 33 > 37 > 00 > 32 > 31 > 14 > 19 > 29 > 18 > 01 > 37 > 08 > 16 > 27 > 00 > 36 > 14 > 05 > 26 > 10 > 23 > 09 > 19 > 03 > 08 > 31 > 38 > 38 > 21 > 36 > 32 > 29 > 17 > 09 > 00 > 19 > 22 > 10 > 25 > 06 > 37 > 09 > 24 > 18 > 04 > 28 > 10 > 26 > 22 > 28 > 35 > 29 > 20 > 03 > 27 > 28 > 18 > 21 > 07 > 04 > 15 > 30 > 03,37 > 01 > 02 > 03 > 04 > 05 > 06 > 07 > 08 > 09 > 10 > 11 > 12 > 13 > 14 > 13 > 14 > 13 > 15 > 16 > 14 > 17 > 27 > 22 > 28 > 29 > 28 > 29 > 28 > 29 > 28 > 29 > 28 > 16 > 29 > 17 > 27 > 22 > 28 > 29 > 28 > 29 > 28 > 29 > 28 > 29 > 28 > 16 > 29 > 17 > 22 > 17 > 22 > 17 > 20 > 19 > 21 > 18 > 22 > 38,1111,0:00:00.013000,0.013000011444091797,RGW_RG_RGW_IM,RandomGeneratorWrapper_RandomGenerator_RandomGeneratorWrapper_ImprovementMeasure,2,RandomGeneratorWrapper,39,77,23,1,RandomGenerator,2508,39,77,1111,ImprovementMeasure,1,1,24
1,RandomGenerator,26,0.9959749579429626,1.6508712477152923,0.2171052631578947,0.4366965661270692,0.0,0.9970694184303284,3,1,0,1,08 > 21 > 00 > 27 > 25 > 21 > 01 > 08 > 18 > 38 > 25 > 29 > 02 > 34 > 00 > 19 > 09 > 23 > 07 > 14 > 32 > 01 > 15 > 10 > 17 > 29 > 04 > 11 > 38 > 30 > 06 > 34 > 05 > 23 > 33 > 15 > 33 > 28 > 29 > 27 > 08 > 30 > 03 > 20 > 26 > 01 > 18 > 20 > 23 > 33 > 32 > 16 > 25 > 25 > 00 > 11 > 01 > 27 > 22 > 20 > 37 > 07 > 12 > 14 > 22 > 31 > 08 > 33 > 35 > 29 > 12 > 04 > 38 > 22 > 14 > 22 > 06,37 > 01 > 02 > 03 > 04 > 05 > 06 > 07 > 08 > 09 > 10 > 11 > 12 > 13 > 14 > 13 > 14 > 13 > 15 > 16 > 14 > 17 > 27 > 22 > 28 > 29 > 28 > 29 > 28 > 29 > 28 > 29 > 28 > 16 > 29 > 17 > 27 > 22 > 28 > 29 > 28 > 29 > 28 > 29 > 28 > 29 > 28 > 16 > 29 > 17 > 22 > 17 > 22 > 17 > 20 > 19 > 21 > 18 > 22 > 38,1111,0:00:00.013000,0.013000011444091797,RGW_RG_RGW_IM,RandomGeneratorWrapper_RandomGenerator_RandomGeneratorWrapper_ImprovementMeasure,2,RandomGeneratorWrapper,39,77,23,1,RandomGenerator,2508,39,77,1111,ImprovementMeasure,1,1,25
1,RandomGenerator,25,0.9915071725845337,1.651152392241231,0.2171052631578947,0.43995627396172376,0.0,0.9940908551216125,5,1,0,1,19 > 27 > 27 > 12 > 31 > 14 > 00 > 28 > 01 > 00 > 01 > 13 > 22 > 06 > 28 > 31 > 01 > 01 > 36 > 37 > 36 > 32 > 00 > 22 > 21 > 07 > 30 > 03 > 38 > 21 > 02 > 29 > 37 > 04 > 03 > 36 > 29 > 30 > 16 > 33 > 00 > 05 > 18 > 22 > 07 > 31 > 24 > 15 > 21 > 21 > 29 > 22 > 06 > 24 > 25 > 21 > 29 > 24 > 00 > 13 > 20 > 32 > 32 > 04 > 35 > 11 > 20 > 34 > 29 > 12 > 28 > 04 > 30 > 19 > 29 > 28 > 28,37 > 01 > 02 > 03 > 04 > 05 > 06 > 07 > 08 > 09 > 10 > 11 > 12 > 13 > 14 > 13 > 14 > 13 > 15 > 16 > 14 > 17 > 27 > 22 > 28 > 29 > 28 > 29 > 28 > 29 > 28 > 29 > 28 > 16 > 29 > 17 > 27 > 22 > 28 > 29 > 28 > 29 > 28 > 29 > 28 > 29 > 28 > 16 > 29 > 17 > 22 > 17 > 22 > 17 > 20 > 19 > 21 > 18 > 22 > 38,1111,0:00:00.013000,0.013000011444091797,RGW_RG_RGW_IM,RandomGeneratorWrapper_RandomGenerator_RandomGeneratorWrapper_ImprovementMeasure,2,RandomGeneratorWrapper,39,77,23,1,RandomGenerator,2508,39,77,1111,ImprovementMeasure,1,1,26
1,RandomGenerator,24,0.9950306415557861,1.651161771720428,0.22368421052631582,0.43103762741725693,0.0,0.9964399337768555,2,1,0,1,08 > 13 > 23 > 01 > 16 > 11 > 07 > 21 > 05 > 21 > 18 > 19 > 12 > 35 > 37 > 29 > 29 > 21 > 14 > 24 > 06 > 14 > 17 > 04 > 15 > 14 > 17 > 07 > 28 > 11 > 28 > 07 > 20 > 10 > 12 > 02 > 29 > 09 > 34 > 22 > 01 > 16 > 10 > 00 > 22 > 20 > 35 > 30 > 33 > 16 > 19 > 36 > 01 > 26 > 32 > 32 > 38 > 19 > 35 > 23 > 10 > 32 > 16 > 09 > 07 > 34 > 23 > 28 > 08 > 13 > 00 > 27 > 06 > 13 > 07 > 30 > 04,37 > 01 > 02 > 03 > 04 > 05 > 06 > 07 > 08 > 09 > 10 > 11 > 12 > 13 > 14 > 13 > 14 > 13 > 15 > 16 > 14 > 17 > 27 > 22 > 28 > 29 > 28 > 29 > 28 > 29 > 28 > 29 > 28 > 16 > 29 > 17 > 27 > 22 > 28 > 29 > 28 > 29 > 28 > 29 > 28 > 29 > 28 > 16 > 29 > 17 > 22 > 17 > 22 > 17 > 20 > 19 > 21 > 18 > 22 > 38,1111,0:00:00.013000,0.013000011444091797,RGW_RG_RGW_IM,RandomGeneratorWrapper_RandomGenerator_RandomGeneratorWrapper_ImprovementMeasure,2,RandomGeneratorWrapper,39,77,23,1,RandomGenerator,2508,39,77,1111,ImprovementMeasure,1,1,27
1,RandomGenerator,23,0.9980680346488953,1.6513596048931523,0.2171052631578947,0.4357895189660924,0.0,0.998464822769165,3,1,0,1,22 > 01 > 03 > 04 > 23 > 36 > 09 > 35 > 06 > 14 > 19 > 16 > 28 > 15 > 09 > 25 > 28 > 36 > 09 > 04 > 09 > 36 > 34 > 37 > 38 > 33 > 18 > 02 > 02 > 12 > 28 > 28 > 26 > 33 > 00 > 09 > 05 > 25 > 06 > 01 > 02 > 03 > 03 > 05 > 25 > 26 > 08 > 17 > 11 > 18 > 11 > 12 > 00 > 38 > 32 > 10 > 22 > 22 > 12 > 14 > 03 > 24 > 04 > 09 > 20 > 17 > 07 > 09 > 04 > 20 > 00 > 28 > 20 > 25 > 33 > 14 > 29,37 > 01 > 02 > 03 > 04 > 05 > 06 > 07 > 08 > 09 > 10 > 11 > 12 > 13 > 14 > 13 > 14 > 13 > 15 > 16 > 14 > 17 > 27 > 22 > 28 > 29 > 28 > 29 > 28 > 29 > 28 > 29 > 28 > 16 > 29 > 17 > 27 > 22 > 28 > 29 > 28 > 29 > 28 > 29 > 28 > 29 > 28 > 16 > 29 > 17 > 22 > 17 > 22 > 17 > 20 > 19 > 21 > 18 > 22 > 38,1111,0:00:00.013000,0.013000011444091797,RGW_RG_RGW_IM,RandomGeneratorWrapper_RandomGenerator_RandomGeneratorWrapper_ImprovementMeasure,2,RandomGeneratorWrapper,39,77,23,1,RandomGenerator,2508,39,77,1111,ImprovementMeasure,1,1,28
1,RandomGenerator,22,0.9981434345245361,1.6514688550133085,0.2171052631578947,0.43584846276605826,0.0,0.9985151290893555,2,1,0,1,16 > 26 > 09 > 08 > 20 > 37 > 03 > 02 > 21 > 13 > 04 > 35 > 30 > 19 > 18 > 21 > 19 > 38 > 03 > 21 > 13 > 10 > 08 > 14 > 30 > 34 > 02 > 38 > 21 > 31 > 12 > 34 > 25 > 05 > 33 > 20 > 36 > 02 > 01 > 19 > 06 > 05 > 35 > 16 > 18 > 00 > 07 > 33 > 31 > 09 > 07 > 06 > 12 > 12 > 17 > 00 > 35 > 12 > 17 > 36 > 35 > 36 > 31 > 20 > 27 > 06 > 29 > 17 > 21 > 19 > 04 > 03 > 10 > 27 > 33 > 04 > 37,37 > 01 > 02 > 03 > 04 > 05 > 06 > 07 > 08 > 09 > 10 > 11 > 12 > 13 > 14 > 13 > 14 > 13 > 15 > 16 > 14 > 17 > 27 > 22 > 28 > 29 > 28 > 29 > 28 > 29 > 28 > 29 > 28 > 16 > 29 > 17 > 27 > 22 > 28 > 29 > 28 > 29 > 28 > 29 > 28 > 29 > 28 > 16 > 29 > 17 > 22 > 17 > 22 > 17 > 20 > 19 > 21 > 18 > 22 > 38,1111,0:00:00.013000,0.013000011444091797,RGW_RG_RGW_IM,RandomGeneratorWrapper_RandomGenerator_RandomGeneratorWrapper_ImprovementMeasure,2,RandomGeneratorWrapper,39,77,23,1,RandomGenerator,2508,39,77,1111,ImprovementMeasure,1,1,29
1,RandomGenerator,21,0.998992383480072,1.6530764257395671,0.22368421052631582,0.4303111400217535,0.0,0.9990810751914978,1,1,0,1,11 > 11 > 18 > 08 > 27 > 11 > 11 > 25 > 14 > 19 > 13 > 15 > 31 > 03 > 18 > 18 > 20 > 30 > 07 > 21 > 09 > 14 > 07 > 27 > 22 > 26 > 35 > 06 > 18 > 08 > 24 > 36 > 26 > 28 > 28 > 28 > 35 > 06 > 18 > 25 > 20 > 07 > 07 > 15 > 11 > 12 > 16 > 21 > 25 > 19 > 25 > 15 > 08 > 37 > 10 > 35 > 04 > 34 > 13 > 17 > 16 > 00 > 21 > 13 > 25 > 30 > 18 > 24 > 03 > 25 > 11 > 30 > 36 > 29 > 05 > 01 > 06,37 > 01 > 02 > 03 > 04 > 05 > 06 > 07 > 08 > 09 > 10 > 11 > 12 > 13 > 14 > 13 > 14 > 13 > 15 > 16 > 14 > 17 > 27 > 22 > 28 > 29 > 28 > 29 > 28 > 29 > 28 > 29 > 28 > 16 > 29 > 17 > 27 > 22 > 28 > 29 > 28 > 29 > 28 > 29 > 28 > 29 > 28 > 16 > 29 > 17 > 22 > 17 > 22 > 17 > 20 > 19 > 21 > 18 > 22 > 38,1111,0:00:00.013000,0.013000011444091797,RGW_RG_RGW_IM,RandomGeneratorWrapper_RandomGenerator_RandomGeneratorWrapper_ImprovementMeasure,2,RandomGeneratorWrapper,39,77,23,1,RandomGenerator,2508,39,77,1111,ImprovementMeasure,1,1,30
1,RandomGenerator,20,0.998441755771637,1.6537138998949796,0.21052631578947367,0.4444736139211799,0.0,0.9987139701843262,2,1,0,1,08 > 09 > 08 > 21 > 11 > 10 > 20 > 15 > 28 > 02 > 33 > 28 > 19 > 10 > 02 > 31 > 36 > 02 > 13 > 19 > 11 > 26 > 35 > 07 > 14 > 25 > 29 > 10 > 33 > 32 > 35 > 01 > 01 > 12 > 29 > 32 > 05 > 30 > 05 > 08 > 14 > 28 > 00 > 10 > 01 > 33 > 22 > 32 > 15 > 07 > 14 > 27 > 07 > 06 > 14 > 10 > 29 > 32 > 30 > 33 > 20 > 27 > 25 > 35 > 30 > 00 > 38 > 08 > 36 > 27 > 31 > 15 > 02 > 21 > 05 > 02 > 13,37 > 01 > 02 > 03 > 04 > 05 > 06 > 07 > 08 > 09 > 10 > 11 > 12 > 13 > 14 > 13 > 14 > 13 > 15 > 16 > 14 > 17 > 27 > 22 > 28 > 29 > 28 > 29 > 28 > 29 > 28 > 29 > 28 > 16 > 29 > 17 > 27 > 22 > 28 > 29 > 28 > 29 > 28 > 29 > 28 > 29 > 28 > 16 > 29 > 17 > 22 > 17 > 22 > 17 > 20 > 19 > 21 > 18 > 22 > 38,1111,0:00:00.013000,0.013000011444091797,RGW_RG_RGW_IM,RandomGeneratorWrapper_RandomGenerator_RandomGeneratorWrapper_ImprovementMeasure,2,RandomGeneratorWrapper,39,77,23,1,RandomGenerator,2508,39,77,1111,ImprovementMeasure,1,1,31
1,RandomGenerator,19,0.9897854924201965,1.6538483997888591,0.23026315789473684,0.43064213381230465,0.0,0.9929431080818176,0,1,0,1,17 > 17 > 09 > 34 > 29 > 17 > 37 > 29 > 30 > 14 > 15 > 13 > 35 > 19 > 14 > 22 > 09 > 34 > 14 > 03 > 18 > 15 > 16 > 21 > 01 > 20 > 36 > 09 > 09 > 10 > 20 > 28 > 04 > 28 > 10 > 24 > 28 > 28 > 35 > 07 > 36 > 07 > 08 > 31 > 07 > 16 > 29 > 29 > 23 > 37 > 11 > 22 > 20 > 37 > 12 > 16 > 01 > 14 > 04 > 16 > 25 > 17 > 08 > 05 > 30 > 35 > 30 > 05 > 15 > 17 > 11 > 20 > 27 > 33 > 12 > 20 > 13,37 > 01 > 02 > 03 > 04 > 05 > 06 > 07 > 08 > 09 > 10 > 11 > 12 > 13 > 14 > 13 > 14 > 13 > 15 > 16 > 14 > 17 > 27 > 22 > 28 > 29 > 28 > 29 > 28 > 29 > 28 > 29 > 28 > 16 > 29 > 17 > 27 > 22 > 28 > 29 > 28 > 29 > 28 > 29 > 28 > 29 > 28 > 16 > 29 > 17 > 22 > 17 > 22 > 17 > 20 > 19 > 21 > 18 > 22 > 38,1111,0:00:00.013000,0.013000011444091797,RGW_RG_RGW_IM,RandomGeneratorWrapper_RandomGenerator_RandomGeneratorWrapper_ImprovementMeasure,2,RandomGeneratorWrapper,39,77,23,1,RandomGenerator,2508,39,77,1111,ImprovementMeasure,1,1,32
1,RandomGenerator,18,0.999790370464325,1.6540505987272582,0.22368421052631582,0.43075334155482436,0.0,0.9996130466461182,4,1,0,1,30 > 15 > 25 > 03 > 06 > 32 > 00 > 30 > 31 > 38 > 26 > 17 > 00 > 36 > 18 > 23 > 37 > 01 > 29 > 28 > 12 > 38 > 29 > 01 > 16 > 03 > 09 > 20 > 22 > 22 > 01 > 02 > 11 > 00 > 05 > 29 > 09 > 16 > 34 > 38 > 17 > 02 > 28 > 23 > 15 > 20 > 17 > 32 > 02 > 38 > 22 > 32 > 10 > 25 > 09 > 02 > 19 > 34 > 30 > 36 > 00 > 38 > 07 > 01 > 33 > 18 > 27 > 37 > 28 > 34 > 10 > 36 > 22 > 23 > 22 > 11 > 12,37 > 01 > 02 > 03 > 04 > 05 > 06 > 07 > 08 > 09 > 10 > 11 > 12 > 13 > 14 > 13 > 14 > 13 > 15 > 16 > 14 > 17 > 27 > 22 > 28 > 29 > 28 > 29 > 28 > 29 > 28 > 29 > 28 > 16 > 29 > 17 > 27 > 22 > 28 > 29 > 28 > 29 > 28 > 29 > 28 > 29 > 28 > 16 > 29 > 17 > 22 > 17 > 22 > 17 > 20 > 19 > 21 > 18 > 22 > 38,1111,0:00:00.013000,0.013000011444091797,RGW_RG_RGW_IM,RandomGeneratorWrapper_RandomGenerator_RandomGeneratorWrapper_ImprovementMeasure,2,RandomGeneratorWrapper,39,77,23,1,RandomGenerator,2508,39,77,1111,ImprovementMeasure,1,1,33
1,RandomGenerator,17,0.9953990578651428,1.6578050634413528,0.2171052631578947,0.44401429537012815,0.0,0.9966855049133301,2,1,0,1,27 > 17 > 20 > 37 > 32 > 34 > 10 > 04 > 07 > 00 > 32 > 33 > 19 > 02 > 38 > 15 > 25 > 29 > 19 > 31 > 05 > 10 > 02 > 01 > 11 > 16 > 21 > 18 > 06 > 17 > 14 > 27 > 22 > 33 > 29 > 29 > 10 > 03 > 00 > 16 > 33 > 03 > 35 > 36 > 09 > 38 > 01 > 06 > 19 > 36 > 36 > 05 > 18 > 05 > 09 > 20 > 25 > 01 > 02 > 09 > 18 > 32 > 24 > 10 > 20 > 10 > 07 > 21 > 19 > 34 > 10 > 08 > 32 > 14 > 25 > 29 > 01,37 > 01 > 02 > 03 > 04 > 05 > 06 > 07 > 08 > 09 > 10 > 11 > 12 > 13 > 14 > 13 > 14 > 13 > 15 > 16 > 14 > 17 > 27 > 22 > 28 > 29 > 28 > 29 > 28 > 29 > 28 > 29 > 28 > 16 > 29 > 17 > 27 > 22 > 28 > 29 > 28 > 29 > 28 > 29 > 28 > 29 > 28 > 16 > 29 > 17 > 22 > 17 > 22 > 17 > 20 > 19 > 21 > 18 > 22 > 38,1111,0:00:00.013000,0.013000011444091797,RGW_RG_RGW_IM,RandomGeneratorWrapper_RandomGenerator_RandomGeneratorWrapper_ImprovementMeasure,2,RandomGeneratorWrapper,39,77,23,1,RandomGenerator,2508,39,77,1111,ImprovementMeasure,1,1,34
1,RandomGenerator,16,0.999283492565155,1.6582204071254807,0.2171052631578947,0.4418399960526995,0.0,0.9992751479148865,1,1,0,1,23 > 20 > 04 > 29 > 26 > 27 > 20 > 16 > 28 > 07 > 29 > 18 > 05 > 37 > 36 > 01 > 07 > 30 > 38 > 12 > 34 > 20 > 22 > 27 > 37 > 13 > 25 > 02 > 18 > 36 > 06 > 37 > 13 > 07 > 10 > 08 > 03 > 30 > 01 > 17 > 22 > 17 > 03 > 18 > 21 > 31 > 04 > 05 > 36 > 11 > 15 > 10 > 19 > 06 > 26 > 18 > 14 > 22 > 36 > 19 > 17 > 24 > 19 > 36 > 09 > 00 > 36 > 27 > 04 > 22 > 18 > 32 > 18 > 02 > 37 > 20 > 17,37 > 01 > 02 > 03 > 04 > 05 > 06 > 07 > 08 > 09 > 10 > 11 > 12 > 13 > 14 > 13 > 14 > 13 > 15 > 16 > 14 > 17 > 27 > 22 > 28 > 29 > 28 > 29 > 28 > 29 > 28 > 29 > 28 > 16 > 29 > 17 > 27 > 22 > 28 > 29 > 28 > 29 > 28 > 29 > 28 > 29 > 28 > 16 > 29 > 17 > 22 > 17 > 22 > 17 > 20 > 19 > 21 > 18 > 22 > 38,1111,0:00:00.013000,0.013000011444091797,RGW_RG_RGW_IM,RandomGeneratorWrapper_RandomGenerator_RandomGeneratorWrapper_ImprovementMeasure,2,RandomGeneratorWrapper,39,77,23,1,RandomGenerator,2508,39,77,1111,ImprovementMeasure,1,1,35
1,RandomGenerator,15,0.9996755123138428,1.6582880177241837,0.2171052631578947,0.4416462402840625,0.0,0.9995365142822266,3,1,0,1,26 > 19 > 24 > 25 > 17 > 18 > 03 > 10 > 27 > 35 > 24 > 10 > 30 > 16 > 15 > 20 > 08 > 28 > 22 > 19 > 35 > 04 > 06 > 21 > 31 > 00 > 06 > 11 > 29 > 19 > 13 > 29 > 29 > 07 > 03 > 34 > 32 > 11 > 00 > 25 > 03 > 23 > 10 > 01 > 03 > 04 > 10 > 01 > 30 > 31 > 25 > 14 > 01 > 17 > 09 > 23 > 29 > 14 > 08 > 19 > 30 > 18 > 16 > 20 > 19 > 29 > 26 > 21 > 27 > 01 > 19 > 00 > 37 > 25 > 14 > 13 > 29,37 > 01 > 02 > 03 > 04 > 05 > 06 > 07 > 08 > 09 > 10 > 11 > 12 > 13 > 14 > 13 > 14 > 13 > 15 > 16 > 14 > 17 > 27 > 22 > 28 > 29 > 28 > 29 > 28 > 29 > 28 > 29 > 28 > 16 > 29 > 17 > 27 > 22 > 28 > 29 > 28 > 29 > 28 > 29 > 28 > 29 > 28 > 16 > 29 > 17 > 22 > 17 > 22 > 17 > 20 > 19 > 21 > 18 > 22 > 38,1111,0:00:00.013000,0.013000011444091797,RGW_RG_RGW_IM,RandomGeneratorWrapper_RandomGenerator_RandomGeneratorWrapper_ImprovementMeasure,2,RandomGeneratorWrapper,39,77,23,1,RandomGenerator,2508,39,77,1111,ImprovementMeasure,1,1,36
1,RandomGenerator,14,0.9997001886367798,1.659680075391411,0.22368421052631582,0.4364429593055553,0.0,0.9995529055595398,2,1,0,1,26 > 03 > 07 > 33 > 02 > 27 > 24 > 18 > 06 > 03 > 15 > 24 > 03 > 05 > 07 > 19 > 14 > 14 > 21 > 29 > 03 > 29 > 21 > 26 > 10 > 25 > 02 > 38 > 01 > 14 > 34 > 16 > 11 > 14 > 13 > 15 > 13 > 32 > 10 > 23 > 15 > 13 > 36 > 38 > 00 > 07 > 24 > 34 > 13 > 36 > 29 > 24 > 01 > 03 > 10 > 09 > 05 > 22 > 36 > 23 > 17 > 08 > 07 > 00 > 22 > 38 > 24 > 22 > 37 > 09 > 08 > 35 > 01 > 38 > 34 > 38 > 02,37 > 01 > 02 > 03 > 04 > 05 > 06 > 07 > 08 > 09 > 10 > 11 > 12 > 13 > 14 > 13 > 14 > 13 > 15 > 16 > 14 > 17 > 27 > 22 > 28 > 29 > 28 > 29 > 28 > 29 > 28 > 29 > 28 > 16 > 29 > 17 > 27 > 22 > 28 > 29 > 28 > 29 > 28 > 29 > 28 > 29 > 28 > 16 > 29 > 17 > 22 > 17 > 22 > 17 > 20 > 19 > 21 > 18 > 22 > 38,1111,0:00:00.013000,0.013000011444091797,RGW_RG_RGW_IM,RandomGeneratorWrapper_RandomGenerator_RandomGeneratorWrapper_ImprovementMeasure,2,RandomGeneratorWrapper,39,77,23,1,RandomGenerator,2508,39,77,1111,ImprovementMeasure,1,1,37
1,RandomGenerator,13,0.9991194605827332,1.660131946271062,0.22368421052631582,0.4372819623530225,0.0,0.9991657733917236,1,1,0,1,11 > 38 > 26 > 03 > 10 > 04 > 25 > 07 > 13 > 29 > 06 > 19 > 00 > 37 > 01 > 12 > 21 > 28 > 11 > 28 > 15 > 17 > 11 > 34 > 35 > 24 > 20 > 23 > 37 > 17 > 36 > 01 > 14 > 16 > 34 > 07 > 32 > 05 > 31 > 34 > 32 > 12 > 15 > 31 > 29 > 15 > 33 > 16 > 03 > 01 > 17 > 29 > 07 > 28 > 37 > 28 > 37 > 17 > 38 > 28 > 22 > 37 > 22 > 30 > 16 > 35 > 16 > 38 > 01 > 33 > 08 > 03 > 10 > 35 > 06 > 15 > 08,37 > 01 > 02 > 03 > 04 > 05 > 06 > 07 > 08 > 09 > 10 > 11 > 12 > 13 > 14 > 13 > 14 > 13 > 15 > 16 > 14 > 17 > 27 > 22 > 28 > 29 > 28 > 29 > 28 > 29 > 28 > 29 > 28 > 16 > 29 > 17 > 27 > 22 > 28 > 29 > 28 > 29 > 28 > 29 > 28 > 29 > 28 > 16 > 29 > 17 > 22 > 17 > 22 > 17 > 20 > 19 > 21 > 18 > 22 > 38,1111,0:00:00.013000,0.013000011444091797,RGW_RG_RGW_IM,RandomGeneratorWrapper_RandomGenerator_RandomGeneratorWrapper_ImprovementMeasure,2,RandomGeneratorWrapper,39,77,23,1,RandomGenerator,2508,39,77,1111,ImprovementMeasure,1,1,38
1,RandomGenerator,12,0.9967754483222961,1.6605012282324387,0.22368421052631582,0.4392138992864757,0.0,0.9976031184196472,1,1,0,1,04 > 19 > 00 > 05 > 23 > 08 > 15 > 18 > 31 > 20 > 01 > 33 > 03 > 04 > 34 > 03 > 22 > 16 > 03 > 07 > 23 > 08 > 19 > 26 > 07 > 27 > 28 > 10 > 30 > 10 > 24 > 20 > 21 > 29 > 16 > 17 > 22 > 31 > 17 > 20 > 02 > 19 > 19 > 24 > 29 > 33 > 31 > 10 > 09 > 27 > 21 > 11 > 22 > 25 > 36 > 15 > 14 > 14 > 37 > 31 > 35 > 05 > 20 > 08 > 06 > 02 > 19 > 35 > 30 > 05 > 13 > 13 > 14 > 03 > 16 > 14 > 23,37 > 01 > 02 > 03 > 04 > 05 > 06 > 07 > 08 > 09 > 10 > 11 > 12 > 13 > 14 > 13 > 14 > 13 > 15 > 16 > 14 > 17 > 27 > 22 > 28 > 29 > 28 > 29 > 28 > 29 > 28 > 29 > 28 > 16 > 29 > 17 > 27 > 22 > 28 > 29 > 28 > 29 > 28 > 29 > 28 > 29 > 28 > 16 > 29 > 17 > 22 > 17 > 22 > 17 > 20 > 19 > 21 > 18 > 22 > 38,1111,0:00:00.013000,0.013000011444091797,RGW_RG_RGW_IM,RandomGeneratorWrapper_RandomGenerator_RandomGeneratorWrapper_ImprovementMeasure,2,RandomGeneratorWrapper,39,77,23,1,RandomGenerator,2508,39,77,1111,ImprovementMeasure,1,1,39
1,RandomGenerator,11,0.9986106157302856,1.6626249929616006,0.2171052631578947,0.4466932260500439,0.0,0.9988265037536621,2,1,0,1,27 > 32 > 35 > 17 > 10 > 21 > 01 > 36 > 10 > 29 > 18 > 13 > 20 > 26 > 25 > 07 > 37 > 05 > 34 > 31 > 13 > 17 > 28 > 28 > 33 > 26 > 33 > 34 > 11 > 27 > 19 > 14 > 02 > 00 > 06 > 37 > 18 > 09 > 23 > 30 > 01 > 07 > 19 > 20 > 29 > 21 > 07 > 09 > 19 > 29 > 00 > 28 > 26 > 09 > 25 > 23 > 22 > 01 > 02 > 24 > 29 > 12 > 16 > 07 > 34 > 36 > 07 > 12 > 29 > 28 > 22 > 37 > 05 > 32 > 13 > 15 > 12,37 > 01 > 02 > 03 > 04 > 05 > 06 > 07 > 08 > 09 > 10 > 11 > 12 > 13 > 14 > 13 > 14 > 13 > 15 > 16 > 14 > 17 > 27 > 22 > 28 > 29 > 28 > 29 > 28 > 29 > 28 > 29 > 28 > 16 > 29 > 17 > 27 > 22 > 28 > 29 > 28 > 29 > 28 > 29 > 28 > 29 > 28 > 16 > 29 > 17 > 22 > 17 > 22 > 17 > 20 > 19 > 21 > 18 > 22 > 38,1111,0:00:00.013000,0.013000011444091797,RGW_RG_RGW_IM,RandomGeneratorWrapper_RandomGenerator_RandomGeneratorWrapper_ImprovementMeasure,2,RandomGeneratorWrapper,39,77,23,1,RandomGenerator,2508,39,77,1111,ImprovementMeasure,1,1,40
1,RandomGenerator,10,0.9915422201156616,1.6643240612701309,0.23026315789473684,0.43994668323302955,0.0,0.9941142201423645,2,1,0,1,02 > 08 > 05 > 35 > 23 > 32 > 12 > 21 > 03 > 32 > 17 > 05 > 14 > 31 > 14 > 23 > 32 > 30 > 33 > 10 > 05 > 35 > 09 > 30 > 10 > 35 > 30 > 06 > 32 > 12 > 26 > 31 > 35 > 26 > 07 > 33 > 20 > 00 > 21 > 06 > 13 > 29 > 20 > 11 > 30 > 28 > 00 > 20 > 01 > 24 > 28 > 23 > 31 > 36 > 34 > 16 > 36 > 10 > 29 > 16 > 22 > 31 > 30 > 05 > 38 > 32 > 11 > 17 > 22 > 28 > 14 > 16 > 19 > 15 > 23 > 18 > 07,37 > 01 > 02 > 03 > 04 > 05 > 06 > 07 > 08 > 09 > 10 > 11 > 12 > 13 > 14 > 13 > 14 > 13 > 15 > 16 > 14 > 17 > 27 > 22 > 28 > 29 > 28 > 29 > 28 > 29 > 28 > 29 > 28 > 16 > 29 > 17 > 27 > 22 > 28 > 29 > 28 > 29 > 28 > 29 > 28 > 29 > 28 > 16 > 29 > 17 > 22 > 17 > 22 > 17 > 20 > 19 > 21 > 18 > 22 > 38,1111,0:00:00.013000,0.013000011444091797,RGW_RG_RGW_IM,RandomGeneratorWrapper_RandomGenerator_RandomGeneratorWrapper_ImprovementMeasure,2,RandomGeneratorWrapper,39,77,23,1,RandomGenerator,2508,39,77,1111,ImprovementMeasure,1,1,41
1,RandomGenerator,9,0.997901439666748,1.6644506584277095,0.23026315789473684,0.43583372121702413,0.0,0.9983537793159485,5,1,0,1,08 > 27 > 34 > 00 > 21 > 08 > 02 > 14 > 05 > 09 > 22 > 11 > 38 > 16 > 27 > 11 > 23 > 00 > 38 > 14 > 25 > 35 > 26 > 13 > 14 > 15 > 17 > 07 > 27 > 00 > 21 > 22 > 28 > 04 > 35 > 34 > 17 > 14 > 36 > 16 > 03 > 37 > 27 > 38 > 35 > 30 > 35 > 18 > 31 > 07 > 33 > 13 > 04 > 03 > 05 > 00 > 37 > 18 > 03 > 23 > 08 > 16 > 05 > 13 > 20 > 04 > 13 > 14 > 36 > 21 > 08 > 37 > 15 > 29 > 06 > 17,37 > 01 > 02 > 03 > 04 > 05 > 06 > 07 > 08 > 09 > 10 > 11 > 12 > 13 > 14 > 13 > 14 > 13 > 15 > 16 > 14 > 17 > 27 > 22 > 28 > 29 > 28 > 29 > 28 > 29 > 28 > 29 > 28 > 16 > 29 > 17 > 27 > 22 > 28 > 29 > 28 > 29 > 28 > 29 > 28 > 29 > 28 > 16 > 29 > 17 > 22 > 17 > 22 > 17 > 20 > 19 > 21 > 18 > 22 > 38,1111,0:00:00.013000,0.013000011444091797,RGW_RG_RGW_IM,RandomGeneratorWrapper_RandomGenerator_RandomGeneratorWrapper_ImprovementMeasure,2,RandomGeneratorWrapper,39,77,23,1,RandomGenerator,2508,39,77,1111,ImprovementMeasure,1,1,42
1,RandomGenerator,8,0.9986536502838135,1.6662930214416658,0.22368421052631582,0.44375351811826136,0.0,0.9988552927970886,0,1,0,1,23 > 37 > 11 > 14 > 24 > 05 > 22 > 02 > 25 > 33 > 01 > 06 > 08 > 07 > 03 > 25 > 15 > 32 > 38 > 16 > 22 > 23 > 34 > 10 > 20 > 23 > 11 > 12 > 31 > 06 > 10 > 30 > 01 > 10 > 21 > 13 > 26 > 15 > 05 > 15 > 04 > 03 > 12 > 22 > 10 > 08 > 31 > 33 > 05 > 31 > 28 > 05 > 33 > 38 > 20 > 26 > 09 > 13 > 31 > 27 > 20 > 26 > 18 > 16 > 29 > 08 > 38 > 07 > 37 > 22 > 27 > 18 > 17 > 30 > 25 > 25 > 04,37 > 01 > 02 > 03 > 04 > 05 > 06 > 07 > 08 > 09 > 10 > 11 > 12 > 13 > 14 > 13 > 14 > 13 > 15 > 16 > 14 > 17 > 27 > 22 > 28 > 29 > 28 > 29 > 28 > 29 > 28 > 29 > 28 > 16 > 29 > 17 > 27 > 22 > 28 > 29 > 28 > 29 > 28 > 29 > 28 > 29 > 28 > 16 > 29 > 17 > 22 > 17 > 22 > 17 > 20 > 19 > 21 > 18 > 22 > 38,1111,0:00:00.013000,0.013000011444091797,RGW_RG_RGW_IM,RandomGeneratorWrapper_RandomGenerator_RandomGeneratorWrapper_ImprovementMeasure,2,RandomGeneratorWrapper,39,77,23,1,RandomGenerator,2508,39,77,1111,ImprovementMeasure,1,1,43
1,RandomGenerator,7,0.9997827410697937,1.6673576497266829,0.22368421052631582,0.4440654589490548,0.0,0.9996079802513123,3,1,0,1,38 > 18 > 08 > 37 > 12 > 25 > 38 > 13 > 36 > 08 > 22 > 02 > 16 > 00 > 33 > 27 > 24 > 29 > 21 > 02 > 01 > 15 > 04 > 16 > 25 > 31 > 22 > 07 > 00 > 10 > 29 > 16 > 23 > 16 > 29 > 17 > 09 > 29 > 08 > 32 > 27 > 16 > 00 > 31 > 10 > 19 > 35 > 26 > 12 > 34 > 04 > 05 > 02 > 28 > 15 > 15 > 13 > 17 > 29 > 02 > 32 > 06 > 26 > 21 > 19 > 14 > 10 > 26 > 21 > 28 > 36 > 27 > 19 > 25 > 33 > 37 > 30,37 > 01 > 02 > 03 > 04 > 05 > 06 > 07 > 08 > 09 > 10 > 11 > 12 > 13 > 14 > 13 > 14 > 13 > 15 > 16 > 14 > 17 > 27 > 22 > 28 > 29 > 28 > 29 > 28 > 29 > 28 > 29 > 28 > 16 > 29 > 17 > 27 > 22 > 28 > 29 > 28 > 29 > 28 > 29 > 28 > 29 > 28 > 16 > 29 > 17 > 22 > 17 > 22 > 17 > 20 > 19 > 21 > 18 > 22 > 38,1111,0:00:00.013000,0.013000011444091797,RGW_RG_RGW_IM,RandomGeneratorWrapper_RandomGenerator_RandomGeneratorWrapper_ImprovementMeasure,2,RandomGeneratorWrapper,39,77,23,1,RandomGenerator,2508,39,77,1111,ImprovementMeasure,1,1,44
1,RandomGenerator,6,0.9997895359992981,1.6674362307625155,0.22368421052631582,0.44413951003188445,0.0,0.9996125102043152,3,1,0,1,34 > 32 > 26 > 24 > 03 > 13 > 22 > 15 > 29 > 33 > 16 > 26 > 30 > 09 > 38 > 06 > 05 > 12 > 13 > 07 > 08 > 07 > 23 > 00 > 18 > 03 > 24 > 23 > 05 > 21 > 17 > 30 > 08 > 12 > 28 > 11 > 10 > 12 > 28 > 31 > 24 > 05 > 38 > 11 > 07 > 02 > 29 > 12 > 17 > 17 > 05 > 13 > 21 > 26 > 04 > 03 > 25 > 29 > 17 > 12 > 17 > 10 > 09 > 31 > 31 > 28 > 03 > 22 > 21 > 09 > 07 > 15 > 00 > 25 > 00 > 23 > 01,37 > 01 > 02 > 03 > 04 > 05 > 06 > 07 > 08 > 09 > 10 > 11 > 12 > 13 > 14 > 13 > 14 > 13 > 15 > 16 > 14 > 17 > 27 > 22 > 28 > 29 > 28 > 29 > 28 > 29 > 28 > 29 > 28 > 16 > 29 > 17 > 27 > 22 > 28 > 29 > 28 > 29 > 28 > 29 > 28 > 29 > 28 > 16 > 29 > 17 > 22 > 17 > 22 > 17 > 20 > 19 > 21 > 18 > 22 > 38,1111,0:00:00.013000,0.013000011444091797,RGW_RG_RGW_IM,RandomGeneratorWrapper_RandomGenerator_RandomGeneratorWrapper_ImprovementMeasure,2,RandomGeneratorWrapper,39,77,23,1,RandomGenerator,2508,39,77,1111,ImprovementMeasure,1,1,45
1,RandomGenerator,5,0.9998188614845276,1.668127624976753,0.22368421052631582,0.4448113539226356,0.0,0.9996320605278015,3,1,0,1,20 > 26 > 02 > 32 > 00 > 17 > 09 > 04 > 28 > 15 > 05 > 27 > 05 > 16 > 02 > 36 > 02 > 15 > 36 > 15 > 02 > 05 > 24 > 25 > 34 > 28 > 06 > 00 > 24 > 04 > 13 > 14 > 20 > 16 > 14 > 03 > 15 > 33 > 07 > 03 > 10 > 11 > 21 > 18 > 19 > 13 > 27 > 22 > 17 > 02 > 20 > 24 > 12 > 03 > 31 > 27 > 36 > 12 > 11 > 04 > 28 > 37 > 19 > 15 > 21 > 35 > 33 > 04 > 35 > 27 > 14 > 28 > 34 > 08 > 16 > 28,37 > 01 > 02 > 03 > 04 > 05 > 06 > 07 > 08 > 09 > 10 > 11 > 12 > 13 > 14 > 13 > 14 > 13 > 15 > 16 > 14 > 17 > 27 > 22 > 28 > 29 > 28 > 29 > 28 > 29 > 28 > 29 > 28 > 16 > 29 > 17 > 27 > 22 > 28 > 29 > 28 > 29 > 28 > 29 > 28 > 29 > 28 > 16 > 29 > 17 > 22 > 17 > 22 > 17 > 20 > 19 > 21 > 18 > 22 > 38,1111,0:00:00.013000,0.013000011444091797,RGW_RG_RGW_IM,RandomGeneratorWrapper_RandomGenerator_RandomGeneratorWrapper_ImprovementMeasure,2,RandomGeneratorWrapper,39,77,23,1,RandomGenerator,2508,39,77,1111,ImprovementMeasure,1,1,46
1,RandomGenerator,4,0.9982390403747559,1.6709813744062725,0.23026315789473684,0.44213937005691517,0.0,0.9985788464546204,1,1,0,1,22 > 15 > 34 > 11 > 37 > 10 > 22 > 17 > 25 > 12 > 25 > 31 > 37 > 37 > 27 > 18 > 03 > 04 > 31 > 12 > 03 > 16 > 24 > 05 > 34 > 03 > 36 > 18 > 35 > 06 > 13 > 33 > 20 > 19 > 14 > 08 > 18 > 13 > 37 > 31 > 04 > 34 > 22 > 33 > 04 > 29 > 28 > 20 > 13 > 05 > 18 > 03 > 18 > 04 > 23 > 16 > 20 > 28 > 32 > 28 > 13 > 29 > 35 > 21 > 26 > 22 > 18 > 35 > 09 > 00 > 08 > 04 > 09 > 30 > 07 > 14 > 33,37 > 01 > 02 > 03 > 04 > 05 > 06 > 07 > 08 > 09 > 10 > 11 > 12 > 13 > 14 > 13 > 14 > 13 > 15 > 16 > 14 > 17 > 27 > 22 > 28 > 29 > 28 > 29 > 28 > 29 > 28 > 29 > 28 > 16 > 29 > 17 > 27 > 22 > 28 > 29 > 28 > 29 > 28 > 29 > 28 > 29 > 28 > 16 > 29 > 17 > 22 > 17 > 22 > 17 > 20 > 19 > 21 > 18 > 22 > 38,1111,0:00:00.013000,0.013000011444091797,RGW_RG_RGW_IM,RandomGeneratorWrapper_RandomGenerator_RandomGeneratorWrapper_ImprovementMeasure,2,RandomGeneratorWrapper,39,77,23,1,RandomGenerator,2508,39,77,1111,ImprovementMeasure,1,1,47
1,RandomGenerator,3,0.9990825653076172,1.672517031731363,0.23026315789473684,0.4431126575585498,0.0,0.9991412162780762,0,1,0,1,36 > 21 > 36 > 28 > 01 > 24 > 38 > 34 > 05 > 16 > 11 > 33 > 25 > 24 > 08 > 01 > 09 > 32 > 14 > 19 > 09 > 15 > 12 > 14 > 23 > 28 > 01 > 32 > 33 > 38 > 17 > 12 > 28 > 21 > 36 > 24 > 17 > 08 > 25 > 37 > 30 > 27 > 05 > 35 > 19 > 25 > 22 > 25 > 09 > 11 > 34 > 09 > 03 > 22 > 29 > 30 > 27 > 25 > 27 > 32 > 02 > 04 > 28 > 38 > 21 > 22 > 11 > 22 > 13 > 03 > 29 > 25 > 32 > 23 > 22 > 06 > 28,37 > 01 > 02 > 03 > 04 > 05 > 06 > 07 > 08 > 09 > 10 > 11 > 12 > 13 > 14 > 13 > 14 > 13 > 15 > 16 > 14 > 17 > 27 > 22 > 28 > 29 > 28 > 29 > 28 > 29 > 28 > 29 > 28 > 16 > 29 > 17 > 27 > 22 > 28 > 29 > 28 > 29 > 28 > 29 > 28 > 29 > 28 > 16 > 29 > 17 > 22 > 17 > 22 > 17 > 20 > 19 > 21 > 18 > 22 > 38,1111,0:00:00.013000,0.013000011444091797,RGW_RG_RGW_IM,RandomGeneratorWrapper_RandomGenerator_RandomGeneratorWrapper_ImprovementMeasure,2,RandomGeneratorWrapper,39,77,23,1,RandomGenerator,2508,39,77,1111,ImprovementMeasure,1,1,48
1,RandomGenerator,2,0.9982028007507324,1.679377444538424,0.23684210526315785,0.4439806327017799,0.0,0.9985547065734863,2,1,0,1,26 > 24 > 27 > 01 > 34 > 03 > 03 > 27 > 09 > 03 > 11 > 12 > 34 > 22 > 08 > 13 > 38 > 08 > 00 > 35 > 29 > 32 > 22 > 06 > 14 > 03 > 32 > 21 > 15 > 30 > 32 > 05 > 01 > 20 > 13 > 11 > 02 > 33 > 28 > 21 > 11 > 08 > 15 > 33 > 30 > 14 > 01 > 06 > 28 > 29 > 28 > 21 > 08 > 11 > 29 > 16 > 11 > 34 > 33 > 28 > 31 > 33 > 30 > 19 > 14 > 10 > 18 > 06 > 10 > 03 > 38 > 03 > 16 > 00 > 06 > 11 > 14,37 > 01 > 02 > 03 > 04 > 05 > 06 > 07 > 08 > 09 > 10 > 11 > 12 > 13 > 14 > 13 > 14 > 13 > 15 > 16 > 14 > 17 > 27 > 22 > 28 > 29 > 28 > 29 > 28 > 29 > 28 > 29 > 28 > 16 > 29 > 17 > 27 > 22 > 28 > 29 > 28 > 29 > 28 > 29 > 28 > 29 > 28 > 16 > 29 > 17 > 22 > 17 > 22 > 17 > 20 > 19 > 21 > 18 > 22 > 38,1111,0:00:00.013000,0.013000011444091797,RGW_RG_RGW_IM,RandomGeneratorWrapper_RandomGenerator_RandomGeneratorWrapper_ImprovementMeasure,2,RandomGeneratorWrapper,39,77,23,1,RandomGenerator,2508,39,77,1111,ImprovementMeasure,1,1,49
1,RandomGenerator,1,0.9991863369941711,1.6874541548686177,0.24342105263157898,0.4448227445710232,0.0,0.9992103576660156,1,1,0,1,10 > 25 > 31 > 31 > 10 > 17 > 34 > 07 > 05 > 17 > 29 > 32 > 07 > 05 > 08 > 11 > 32 > 13 > 18 > 21 > 02 > 04 > 05 > 36 > 28 > 10 > 18 > 03 > 09 > 00 > 15 > 06 > 22 > 28 > 29 > 21 > 29 > 29 > 20 > 19 > 34 > 28 > 02 > 29 > 19 > 06 > 11 > 24 > 22 > 28 > 25 > 28 > 19 > 35 > 24 > 05 > 34 > 13 > 05 > 22 > 16 > 29 > 31 > 36 > 13 > 01 > 05 > 38 > 03 > 37 > 24 > 38 > 04 > 14 > 15 > 20 > 33,37 > 01 > 02 > 03 > 04 > 05 > 06 > 07 > 08 > 09 > 10 > 11 > 12 > 13 > 14 > 13 > 14 > 13 > 15 > 16 > 14 > 17 > 27 > 22 > 28 > 29 > 28 > 29 > 28 > 29 > 28 > 29 > 28 > 16 > 29 > 17 > 27 > 22 > 28 > 29 > 28 > 29 > 28 > 29 > 28 > 29 > 28 > 16 > 29 > 17 > 22 > 17 > 22 > 17 > 20 > 19 > 21 > 18 > 22 > 38,1111,0:00:00.013000,0.013000011444091797,RGW_RG_RGW_IM,RandomGeneratorWrapper_RandomGenerator_RandomGeneratorWrapper_ImprovementMeasure,2,RandomGeneratorWrapper,39,77,23,1,RandomGenerator,2508,39,77,1111,ImprovementMeasure,1,1,50
